	Date	Time	TTF	Lat	Long		2D3D	Alt	DOP	SVs	FOM	X	Y	Temp	Bat	Status	SCap	GPS	GSM
	YYYY MM DD

	2014 06 03	13:30:00	89	62.914138	8.184757		3D	44	1.8	5	7	1	0	26	560	01000011	0	01111111	00000000	Init		
	2014 06 03	14:24:00	68	62.910938	8.210890		3D	57	1.7	6	3	4	7	25	571	01000011	704	01111111	00000000	Init		
	2014 06 03	14:45:00	62	62.911028	8.211073		3D	50	1.9	6	0	19	13	25	610	01000010	704	00001111	11111111			
	2014 06 03	15:15:00	62	62.911140	8.210393		3D	24	3.5	4	1	21	8	22	609	01000010	0	00001111	00000000			
	2014 06 03	15:45:00	73	62.911890	8.210070		3D	51	1.8	6	5	35	17	20	608	01000010	0	00001111	00000000			
	2014 06 03	16:15:00	62	62.909163	8.211845		3D	62	2.1	5	3	14	3	19	608	01000010	0	00001111	00000000			
	2014 06 03	16:45:00	65	62.908172	8.211402		3D	22	2.5	4	4	25	10	19	608	01000010	0	00001111	00000000			
	2014 06 03	17:15:00		Time Out								17	6	20	607	00001000	704	00001111	11111111			
	2014 06 03	17:45:00	72	62.908540	8.210843		3D	54	1.3	5	8	3	1	20	608	01000010	0	00001111	00000000			
	2014 06 03	18:15:00	22	62.908752	8.211042		3D	37	1.6	4	1	1	2	20	613	01000010	0	00001111	00000000			
	2014 06 03	18:45:00		Time Out								7	4	19	606	00001000	0	00001111	00000000			
	2014 06 03	19:15:00	73	62.909312	8.212263		3D	86	1.7	6	4	14	5	17	605	01000010	0	00001111	00000000			
	2014 06 03	19:45:00	60	62.908693	8.210937		3D	57	1.7	6	0	7	4	17	605	01000010	700	00001111	11111111			
	2014 06 03	20:15:00	61	62.908475	8.210562		3D	67	1.7	6	2	8	3	16	604	01000010	0	00001111	00000000			
	2014 06 03	20:45:00	61	62.909467	8.212062		3D	71	1.5	8	8	9	11	15	603	01000010	0	00001111	00000000			
	2014 06 03	21:15:00	60	62.909170	8.212170		3D	47	2.6	5	3	1	3	14	603	01000010	0	00001111	00000000			
	2014 06 03	21:45:00	60	62.909173	8.212187		3D	53	1.8	5	0	2	3	15	603	01000010	0	00001111	00000000			
	2014 06 03	22:15:00	68	62.909757	8.213178		3D	0	12.6	5	2	0	0	14	602	01000010	700	00001111	11111111			
	2014 06 03	22:45:00	61	62.909178	8.212192		3D	52	1.1	8	2	2	7	16	603	01000010	0	00001111	00000000			
	2014 06 03	23:15:00	60	62.909803	8.212545		3D	75	2.1	6	0	15	5	14	602	01000010	0	00001111	00000000			
	2014 06 03	23:45:00	61	62.909352	8.212622		3D	72	3.0	5	2	4	2	12	601	01000010	0	00001111	00000000			
	2014 06 04	00:15:00	60	62.909328	8.212610		3D	72	1.5	6	2	2	0	12	601	01000010	0	00001111	00000000			
	2014 06 04	00:45:00	61	62.909383	8.212518		3D	64	1.5	5	4	7	9	12	600	01000010	700	00001111	11111111			
	2014 06 04	01:15:00	70	62.908230	8.210173		3D	41	6.8	4	1	25	10	12	600	01000010	0	00001111	00000000			
	2014 06 04	01:45:00	60	62.909130	8.211762		3D	71	1.6	5	7	18	4	13	601	01000010	0	00001111	00000000			
	2014 06 04	02:15:00	66	62.909262	8.211742		3D	55	2.3	5	3	4	3	14	601	01000010	0	00001111	00000000			
	2014 06 04	02:45:00	61	62.909138	8.211742		3D	62	2.3	5	0	1	0	13	600	01100010	0	00001011	00000000		StartE	
	2014 06 04	03:15:00	67	62.908420	8.210628		3D	50	1.2	7	3	12	4	14	600	01000010	700	00001111	11111111			
	2014 06 04	03:45:00	61	62.908557	8.210367		3D	58	1.5	6	5	16	5	13	600	01000010	0	00001111	00000000			
	2014 06 04	04:15:00	62	62.909685	8.212855		3D	62	2.9	4	0	14	6	13	600	01000010	0	00001111	00000000			
	2014 06 04	04:45:00	63	62.909263	8.212340		3D	58	2.1	5	2	15	8	14	600	01000010	0	00001111	00000000			
	2014 06 04	05:15:00	62	62.908002	8.210092		3D	72	1.9	6	1	17	4	15	601	01000010	0	00001111	00000000			
	2014 06 04	05:45:00	60	62.909168	8.211673		3D	59	1.7	5	4	18	11	15	601	01000010	700	00001111	11111111			
	2014 06 04	06:15:00	60	62.909705	8.212835		3D	105	1.9	4	1	5	5	15	601	01000010	0	00001111	00000000			
	2014 06 04	06:45:00	60	62.909487	8.212252		3D	56	2.3	4	0	1	0	17	602	01000010	0	00001111	00000000			
	2014 06 04	07:15:00		Time Out								0	0	21	604	00001000	0	00001111	00000000			
	2014 06 04	07:45:00	22	62.908840	8.211870		3D	37	5.7	5	1	0	0	21	609	01000010	0	00001111	00000000			
	2014 06 04	08:15:00	66	62.907927	8.209328		3D	55	3.1	6	2	23	8	20	604	01000010	700	00001111	11111111			
	2014 06 04	08:45:00		Time Out								32	4	22	604	00001000	0	00001111	00000000			
	2014 06 04	09:15:00	92	62.909402	8.211388		3D	47	4.4	5	2	4	0	22	604	01001010	0	00001111	00000000			
	2014 06 04	09:45:00	60	62.909380	8.211382		3D	67	1.8	4	2	1	0	23	605	01000010	0	00001111	00000000			
	2014 06 04	10:15:00	68	62.909407	8.211427		3D	16	1.5	4	2	10	2	22	605	01000010	0	00001111	00000000			
	2014 06 04	10:45:00	74	62.909333	8.211290		3D	51	1.4	5	6	2	0	21	604	01000010	704	00001111	11111111			
	2014 06 04	11:15:00	60	62.909145	8.211708		3D	60	2.5	5	1	29	11	22	604	01000010	0	00001111	00000000			
	2014 06 04	11:45:00	56	62.909357	8.212247		2D	0	2.5	3	0	9	2	22	604	10001010	0	00001111	00000000			
	2014 06 04	12:15:00		Time Out								2	0	25	605	00001000	0	00001111	00000000			
	2014 06 04	12:45:00	89	62.909152	8.211680		3D	46	2.7	4	0	38	26	24	605	01001010	0	00001111	00000000			
	2014 06 04	13:15:00	34	62.909538	8.212657		3D	34	2.9	4	3	5	2	24	608	01000010	704	00001111	11111111			
	2014 06 04	13:45:00	69	62.909385	8.210512		3D	57	2.3	4	2	13	4	21	604	01000010	0	00001111	00000000			
	2014 06 04	14:15:00	59	62.908338	8.209178		3D	39	1.7	5	1	23	5	21	603	01000010	0	00001111	00000000			
	2014 06 04	14:45:00	59	62.908528	8.210683		3D	64	1.8	5	1	22	17	22	604	01000010	0	00001111	00000000			
	2014 06 04	15:15:00	61	62.908533	8.210698		3D	79	2.5	4	1	1	0	25	605	01000010	0	00001111	00000000			
	2014 06 04	15:45:00	71	62.908587	8.210525		3D	54	4.3	5	5	0	0	24	605	01000010	700	00001111	11111111			
	2014 06 04	16:15:00	59	62.908485	8.210725		3D	61	1.8	4	0	0	0	24	605	01000010	0	00001111	00000000			
	2014 06 04	16:45:00	92	62.908343	8.208953		3D	58	1.9	4	0	42	20	21	603	01001010	0	00001111	00000000			
	2014 06 04	17:15:00	60	62.909808	8.212617		3D	72	1.2	6	2	13	5	18	602	01000010	0	00001111	00000000			
	2014 06 04	17:45:00	71	62.909337	8.211822		3D	53	1.4	4	0	20	10	18	601	01000010	0	00001111	00000000			
	2014 06 04	18:15:00	71	62.909293	8.211727		3D	78	1.6	4	0	17	12	19	601	01000010	700	00001111	11111111			
	2014 06 04	18:45:00	71	62.909835	8.212483		3D	112	1.7	4	3	2	9	19	601	01000010	0	00001111	00000000			
	2014 06 04	19:15:00	71	62.909488	8.212328		3D	70	2.5	4	0	4	5	19	601	01000010	0	00001111	00000000			
	2014 06 04	19:45:00	61	62.909737	8.212608		3D	65	1.8	6	4	0	0	19	601	01100010	0	00001011	00000000		StartE	
	2014 06 04	20:15:00	23	62.909695	8.212710		3D	60	1.2	6	5	0	0	21	608	01000010	0	00001111	00000000			
	2014 06 04	20:45:00	65	62.909675	8.212580		3D	58	5.1	5	0	2	1	20	602	01000010	700	00001111	11111111			
	2014 06 04	21:15:00	61	62.909612	8.212677		3D	51	4.3	5	2	3	2	18	601	01000010	0	00001111	00000000			
	2014 06 04	21:45:00	59	62.909778	8.212342		3D	81	1.7	5	3	8	4	13	598	01000010	0	00001111	00000000			
	2014 06 04	22:15:00	59	62.908497	8.210955		3D	64	1.3	5	0	19	7	11	595	01000010	0	00001111	00000000			
	2014 06 04	22:45:00	71	62.909708	8.212798		3D	62	1.5	5	1	8	0	11	594	01000010	0	00001111	00000000			
	2014 06 04	23:15:00	71	62.909653	8.212550		3D	75	1.3	7	9	1	2	11	594	01000010	696	00001111	11111111			
	2014 06 04	23:45:00	60	62.909703	8.212558		3D	60	1.6	7	2	0	0	14	596	01000010	0	00001111	00000000			
	2014 06 05	00:15:00	60	62.909810	8.212792		3D	131	1.6	6	13	5	2	14	597	01000010	0	00001111	00000000			
	2014 06 05	00:45:00	60	62.908690	8.211763		3D	50	4.8	4	0	21	2	12	596	01000010	0	00001111	00000000			
	2014 06 05	01:15:00	60	62.908075	8.209687		3D	36	1.6	4	0	12	6	10	593	01000010	0	00001111	00000000			
	2014 06 05	01:45:00	61	62.908525	8.209453		3D	52	1.6	4	0	18	7	10	592	01000010	696	00001111	11111111			
	2014 06 05	02:15:00	60	62.909073	8.211670		3D	71	1.6	4	1	6	0	11	593	01100010	0	00001011	00000000		StartE	
	2014 06 05	02:45:00	69	62.909543	8.212790		3D	0	13.0	5	3	4	0	11	594	01000010	0	00001111	00000000			
	2014 06 05	03:15:00	60	62.909637	8.212827		3D	71	2.7	5	0	3	10	12	594	01000010	0	00001111	00000000			
	2014 06 05	03:45:00	60	62.908007	8.209825		3D	49	3.0	4	1	11	2	13	596	01000010	0	00001111	00000000			
	2014 06 05	04:15:00	84	62.907922	8.209303		3D	36	2.1	4	0	23	8	13	595	01000010	696	00001111	11111111			
	2014 06 05	04:45:00	70	62.908597	8.210762		3D	57	1.9	6	1	11	3	13	595	01000010	0	00001111	00000000			
	2014 06 05	05:15:00	61	62.909503	8.212313		3D	51	1.1	8	4	13	8	13	595	01000010	0	00001111	00000000			
	2014 06 05	05:45:00	60	62.909597	8.212578		3D	54	1.7	5	0	1	1	14	596	01000010	0	00001111	00000000			
	2014 06 05	06:15:00	59	62.909523	8.212458		3D	68	4.0	5	1	0	0	19	600	01000010	0	00001111	00000000			
	2014 06 05	06:45:00	61	62.909405	8.212535		3D	37	2.0	4	2	0	0	19	600	01000010	700	00001111	11111111			
	2014 06 05	07:15:00	71	62.909773	8.212810		3D	0	12.8	5	2	7	7	20	600	01000010	0	00001111	00000000			
	2014 06 05	07:45:00	70	62.909825	8.212660		3D	54	1.5	6	0	2	2	18	599	01000010	0	00001111	00000000			
	2014 06 05	08:15:00	60	62.909813	8.212742		3D	152	2.2	4	3	22	4	19	600	01000010	0	00001111	00000000			
	2014 06 05	08:45:00	27	62.909775	8.212698		3D	121	1.2	6	10	1	0	22	606	01000010	0	00001111	00000000			
	2014 06 05	09:15:00	60	62.909820	8.212802		3D	69	1.6	5	2	3	1	22	602	01000010	700	00001111	11111111			
	2014 06 05	09:45:00	22	62.909602	8.213150		3D	47	2.1	4	0	5	4	25	608	01000010	0	00001111	00000000			
	2014 06 05	10:15:00	22	62.909787	8.212773		3D	92	1.6	4	0	0	0	25	610	01000010	0	00001111	00000000			
	2014 06 05	10:45:00	56	62.909847	8.212985		2D	0	2.3	3	0	6	5	24	604	10001010	0	00001111	00000000			
	2014 06 05	11:15:00	72	62.909483	8.212783		3D	49	1.2	4	4	0	0	24	603	01000010	0	00001111	00000000			
	2014 06 05	11:45:00	22	62.909507	8.212747		3D	64	1.2	5	2	0	0	24	608	01000010	700	00001111	11111111			
	2014 06 05	12:15:00	56	62.909557	8.212382		3D	65	1.7	6	4	0	1	25	604	01001010	0	00001111	00000000			
	2014 06 05	12:45:00	71	62.909545	8.212590		3D	64	2.3	4	0	1	0	26	604	01000010	0	00001111	00000000			
	2014 06 05	13:15:00	69	62.908850	8.208875		3D	60	1.9	5	6	26	10	25	604	01000010	0	00001111	00000000			
	2014 06 05	13:45:00	77	50.811582	8.210032		3D	64	5.7	4	1	25	6	24	603	01000010	0	00001111	00000000			
	2014 06 05	14:15:00	26	62.908212	8.210115		3D	64	3.1	4	2	5	3	23	606	01000010	700	00001111	11111111			
	2014 06 05	14:45:00	44	62.909703	8.212750		3D	64	2.0	4	0	1	0	22	604	01000010	0	00001111	00000000			
	2014 06 05	15:15:00	57	62.909723	8.212692		3D	72	1.8	6	2	2	0	24	603	01000010	0	00001111	00000000			
	2014 06 05	15:45:00	22	62.909892	8.212740		3D	115	4.3	5	3	1	0	24	608	01000010	0	00001111	00000000			
	2014 06 05	16:15:00	47	62.910270	8.212273		3D	101	1.8	4	13	3	4	27	605	01000010	0	00001111	00000000			
	2014 06 05	16:45:00	60	62.909063	8.211537		3D	52	2.0	4	0	21	4	26	605	01000010	700	00001111	11111111			
	2014 06 05	17:15:00	72	62.908270	8.209210		3D	30	1.8	5	3	22	16	24	603	01000010	0	00001111	00000000			
	2014 06 05	17:45:00	72	62.908655	8.209873		3D	55	1.3	5	6	17	15	23	602	01000010	0	00001111	00000000			
	2014 06 05	18:15:00	22	62.909903	8.213172		3D	131	1.6	4	1	0	0	24	608	01000010	0	00001111	00000000			
	2014 06 05	18:45:00	68	62.909657	8.212615		3D	63	1.3	5	0	11	6	23	602	01000010	0	00001111	00000000			
	2014 06 05	19:15:00	60	62.909650	8.212548		3D	67	1.8	5	5	1	1	21	601	01000010	700	00001111	11111111			
	2014 06 05	19:45:00	67	62.909425	8.212708		3D	76	1.8	5	1	17	19	18	599	01000010	0	00001111	00000000			
	2014 06 05	20:15:00	62	62.908840	8.211713		3D	50	1.4	6	0	32	10	17	598	01000010	0	00001111	00000000			
	2014 06 05	20:45:00	61	62.909567	8.212508		3D	65	2.2	4	1	8	3	17	597	01000010	0	00001111	00000000			
	2014 06 05	21:15:00	67	62.908682	8.211145		3D	63	2.2	7	1	25	15	17	598	01100010	0	00001011	00000000		StartE	
	2014 06 05	21:45:00	60	62.909385	8.212412		3D	67	1.8	7	1	7	3	16	597	01000010	700	00001111	11111111			
	2014 06 05	22:15:00	32	62.909455	8.212570		3D	50	1.6	5	2	2	5	17	600	01000010	0	00001111	00000000			
	2014 06 05	22:45:00	36	62.909420	8.212290		3D	55	1.8	5	1	0	0	17	599	01000010	0	00001111	00000000			
	2014 06 05	23:15:00	66	62.909338	8.212033		3D	87	2.3	7	5	4	0	18	598	01000010	0	00001111	00000000			
	2014 06 05	23:45:00	68	62.909653	8.212757		3D	35	3.4	6	3	4	2	17	597	01000010	0	00001111	00000000			
	2014 06 06	00:15:00	61	62.909563	8.212568		3D	56	1.4	6	9	9	10	17	597	01000010	696	00001111	11111111			
	2014 06 06	00:45:00	60	62.909362	8.212263		3D	68	1.6	5	3	11	2	17	597	01000010	0	00001111	00000000			
	2014 06 06	01:15:00	56	62.908680	8.210830		3D	51	2.6	4	3	21	19	15	597	01000010	0	00001111	00000000			
	2014 06 06	01:45:00	62	62.908385	8.209473		3D	37	2.2	4	0	18	5	14	595	01000010	0	00001111	00000000			
	2014 06 06	02:15:00	61	62.909222	8.211585		3D	61	2.0	4	0	14	7	14	594	01000010	0	00001111	00000000			
	2014 06 06	02:45:00	61	62.909593	8.212423		3D	99	1.5	4	4	7	4	15	594	01000010	696	00001111	11111111			
	2014 06 06	03:15:00	72	62.909163	8.211987		3D	52	1.9	5	0	9	7	16	596	01000010	0	00001111	00000000			
	2014 06 06	03:45:00	60	62.909120	8.211995		3D	50	3.0	5	1	2	2	17	597	01000010	0	00001111	00000000			
	2014 06 06	04:15:00	37	62.909152	8.212058		3D	44	2.0	4	1	2	4	19	600	01000010	0	00001111	00000000			
	2014 06 06	04:45:00	65	62.907812	8.208975		3D	138	1.6	6	3	25	5	18	597	01000010	0	00001111	00000000			
	2014 06 06	05:15:00	60	62.908337	8.209358		3D	36	2.6	5	5	23	6	16	596	01100010	696	00001011	11111111		StartE	
	2014 06 06	05:45:00	60	62.908747	8.210988		3D	65	1.3	7	3	1	0	17	597	01000010	0	00001111	00000000			
	2014 06 06	06:15:00	52	62.909140	8.212035		3D	61	1.2	7	2	8	2	18	597	01000010	0	00001111	00000000			
	2014 06 06	06:45:00	61	62.909208	8.212200		3D	63	1.7	5	3	0	0	19	599	01000010	0	00001111	00000000			
	2014 06 06	07:15:00		Time Out								4	2	21	599	00001000	0	00001111	00000000			
	2014 06 06	07:45:00	25	62.908940	8.212545		3D	35	4.3	5	3	0	0	22	604	01000010	696	00001111	11111111			
	2014 06 06	08:15:00	71	62.908908	8.211695		3D	61	1.3	7	3	9	0	25	601	01000010	0	00001111	00000000			
	2014 06 06	08:45:00	64	62.908945	8.211663		3D	67	1.1	7	4	13	5	23	600	01000010	0	00001111	00000000			
	2014 06 06	09:15:00	24	62.910033	8.212843		3D	85	1.6	6	5	0	0	27	608	01000010	0	00001111	00000000			
	2014 06 06	09:45:00	62	62.909963	8.212800		3D	105	2.2	4	3	0	1	28	604	01000010	0	00001111	00000000			
	2014 06 06	10:15:00	61	62.909248	8.211795		3D	41	3.8	5	0	29	14	29	605	01000010	700	00001111	11111111			
	2014 06 06	10:45:00	45	62.908527	8.210755		3D	39	1.1	4	0	7	8	27	605	01000010	0	00001111	00000000			
	2014 06 06	11:15:00	72	62.908230	8.209000		3D	59	1.6	4	3	34	23	25	602	01000010	0	00001111	00000000			
	2014 06 06	11:45:00	21	62.908387	8.210180		3D	55	2.4	4	0	8	4	25	608	01000010	0	00001111	00000000			
	2014 06 06	12:15:00	70	62.909562	8.212708		3D	60	1.8	5	5	0	0	25	602	01000010	0	00001111	00000000			
	2014 06 06	12:45:00	19	62.909317	8.212258		3D	111	1.7	5	3	0	0	25	608	01000010	700	00001111	11111111			
	2014 06 06	13:15:00	66	62.909623	8.212633		3D	54	1.9	5	0	2	1	25	602	01000010	0	00001111	00000000			
	2014 06 06	13:45:00	27	62.909915	8.212337		3D	58	5.3	4	2	0	0	25	606	01000010	0	00001111	00000000			
	2014 06 06	14:15:00	69	62.909778	8.212652		3D	56	1.4	6	3	2	0	24	602	01000010	0	00001111	00000000			
	2014 06 06	14:45:00	23	62.909817	8.212678		3D	52	1.5	6	11	3	3	24	606	01000010	0	00001111	00000000			
	2014 06 06	15:15:00	24	62.909902	8.212950		3D	67	2.0	5	1	6	0	22	605	01000010	696	00001111	11111111			
	2014 06 06	15:45:00	62	62.908310	8.209143		3D	50	2.0	4	0	26	8	22	600	01000010	0	00001111	00000000			
	2014 06 06	16:15:00	61	62.908007	8.209987		3D	62	1.7	4	0	20	16	20	599	01000010	0	00001111	00000000			
	2014 06 06	16:45:00	65	62.909275	8.212082		3D	59	1.5	6	3	17	9	20	599	01000010	0	00001111	00000000			
	2014 06 06	17:15:00	60	62.909737	8.212478		3D	56	1.3	4	1	5	2	20	598	01000010	0	00001111	00000000			
	2014 06 06	17:45:00	65	62.909595	8.212653		3D	67	1.3	5	5	2	4	20	598	01000010	696	00001111	11111111			
	2014 06 06	18:15:00	59	62.907817	8.209272		3D	60	1.7	4	2	33	19	18	597	01000010	0	00001111	00000000			
	2014 06 06	18:45:00	72	62.908747	8.210897		3D	43	3.2	6	5	3	0	18	597	01000010	0	00001111	00000000			
	2014 06 06	19:15:00	61	62.908693	8.210763		3D	59	3.1	5	1	2	0	18	597	01000010	0	00001111	00000000			
	2014 06 06	19:45:00	63	62.908600	8.210802		3D	41	1.4	7	1	1	0	19	596	01000010	0	00001111	00000000			
	2014 06 06	20:15:00	59	62.908785	8.211170		3D	62	1.4	6	0	22	8	20	597	01000010	696	00001111	11111111			
	2014 06 06	20:45:00	60	62.909113	8.211972		3D	63	1.1	6	11	12	5	17	596	01000010	0	00001111	00000000			
	2014 06 06	21:15:00	68	62.909348	8.211665		3D	63	2.2	5	1	29	13	15	593	01000010	0	00001111	00000000			
	2014 06 06	21:45:00	60	62.908867	8.211325		3D	56	1.8	5	0	14	9	15	593	01000010	0	00001111	00000000			
	2014 06 06	22:15:00	71	62.909243	8.211852		3D	61	3.0	5	1	11	2	15	593	01000010	0	00001111	00000000			
	2014 06 06	22:45:00	61	62.909507	8.212343		3D	69	1.8	5	1	10	0	16	594	01000010	696	00001111	11111111			
	2014 06 06	23:15:00	60	62.909332	8.212237		3D	70	1.5	5	3	0	0	18	596	01000010	0	00001111	00000000			
	2014 06 06	23:45:00	65	62.909277	8.212342		3D	60	1.8	7	4	2	1	18	595	01000010	0	00001111	00000000			
	2014 06 07	00:15:00	59	62.908432	8.210593		3D	52	1.6	5	1	15	4	16	595	01000010	0	00001111	00000000			
	2014 06 07	00:45:00	63	62.908928	8.211923		3D	68	8.4	5	3	19	5	14	592	01000010	0	00001111	00000000			
	2014 06 07	01:15:00	71	62.909482	8.212793		3D	69	2.7	4	0	0	1	15	592	01000010	696	00001111	11111111			
	2014 06 07	01:45:00	66	62.909410	8.212395		3D	154	1.0	7	11	0	0	15	593	01000010	0	00001111	00000000			
	2014 06 07	02:15:00	90	62.908790	8.212025		3D	99	3.0	5	2	22	2	16	592	01001010	0	00001111	00000000			
	2014 06 07	02:45:00	59	62.909185	8.211800		3D	54	2.5	5	1	10	5	15	593	01000010	0	00001111	00000000			
	2014 06 07	03:15:00	92	62.909182	8.211417		3D	51	3.0	4	0	2	0	15	592	01001010	0	00001111	00000000			
	2014 06 07	03:45:00	71	62.909310	8.211497		3D	86	3.8	5	0	0	0	17	594	01000010	696	00001111	11111111			
	2014 06 07	04:15:00	59	62.909277	8.211258		3D	67	1.7	5	0	0	0	17	595	01000010	0	00001111	00000000			
	2014 06 07	04:45:00	60	62.909005	8.210830		3D	58	2.6	5	0	15	2	17	594	01000010	0	00001111	00000000			
	2014 06 07	05:15:00	67	62.908743	8.210610		3D	59	1.1	7	3	27	13	16	593	01000010	0	00001111	00000000			
	2014 06 07	05:45:00	61	62.908683	8.210647		3D	51	1.8	5	4	0	2	17	593	01000010	0	00001111	00000000			
	2014 06 07	06:15:00	60	62.908863	8.210753		3D	83	2.1	5	5	9	3	18	594	01000010	696	00001111	11111111			
	2014 06 07	06:45:00	69	62.909728	8.211183		3D	0	10.9	5	2	19	11	18	594	01000010	0	00001111	00000000			
	2014 06 07	07:15:00	79	62.910140	8.211127		3D	207	2.9	4	11	10	4	19	595	01000010	0	00001111	00000000			
	2014 06 07	07:45:00		Time Out								0	0	17	594	00001000	0	00001111	00000000			
	2014 06 07	08:15:00	71	62.909352	8.212087		3D	-91	1.3	4	2	0	0	17	594	01000010	0	00001111	00000000			
	2014 06 07	08:45:00		Time Out								15	10	17	594	00001000	696	00001111	11111111			
	2014 06 07	09:15:00	71	62.909083	8.211547		3D	62	1.7	6	3	20	5	18	594	01000010	0	00001111	00000000			
	2014 06 07	09:45:00	89	62.908368	8.209180		3D	47	2.2	4	0	33	21	19	595	01001010	0	00001111	00000000			
	2014 06 07	10:15:00	92	62.908578	8.209823		3D	69	2.9	5	0	48	19	18	595	01001010	0	00001111	00000000			
	2014 06 07	10:45:00	61	62.908328	8.209602		3D	57	1.3	6	2	0	0	20	596	01000010	0	00001111	00000000			
	2014 06 07	11:15:00	68	62.908268	8.209585		3D	56	1.5	5	6	4	1	23	598	01000010	696	00001111	11111111			
	2014 06 07	11:45:00	56	62.908273	8.209728		3D	56	1.3	5	1	2	0	25	600	01001010	0	00001111	00000000			
	2014 06 07	12:15:00	64	62.908128	8.210033		3D	76	1.8	5	0	16	9	21	598	01000010	0	00001111	00000000			
	2014 06 07	12:45:00	61	62.908043	8.210020		3D	63	1.6	4	2	26	4	20	596	01000010	0	00001111	00000000			
	2014 06 07	13:15:00	60	62.907935	8.210208		3D	59	1.4	4	1	19	9	19	596	01000010	0	00001111	00000000			
	2014 06 07	13:45:00	71	62.908103	8.210587		3D	74	2.1	4	6	0	0	20	596	01000010	696	00001111	11111111			
	2014 06 07	14:15:00	60	62.908365	8.210873		3D	89	3.0	5	3	10	4	21	596	01000010	0	00001111	00000000			
	2014 06 07	14:45:00	67	62.908535	8.210290		3D	54	1.9	4	0	0	0	20	596	01100010	0	00001011	00000000		StartE	
	2014 06 07	15:15:00	63	62.907917	8.209253		3D	55	1.5	4	1	14	8	20	596	01000010	0	00001111	00000000			
	2014 06 07	15:45:00	72	62.908225	8.209783		3D	109	1.5	4	3	15	6	20	596	01000010	0	00001111	00000000			
	2014 06 07	16:15:00	67	62.908068	8.210112		3D	47	1.5	5	0	29	5	24	598	01000010	696	00001111	11111111			
	2014 06 07	16:45:00	22	62.908015	8.209717		3D	76	1.4	4	0	1	0	22	602	01000010	0	00001111	00000000			
	2014 06 07	17:15:00	71	62.908138	8.210143		3D	59	1.7	5	4	33	23	21	597	01000010	0	00001111	00000000			
	2014 06 07	17:45:00	61	62.907992	8.209922		3D	65	2.2	5	0	29	20	21	596	01000010	0	00001111	00000000			
	2014 06 07	18:15:00	63	62.908092	8.210018		3D	65	1.6	4	0	1	2	22	597	01000010	0	00001111	00000000			
	2014 06 07	18:45:00	66	62.908252	8.209835		3D	191	4.4	6	6	8	5	24	599	01000010	696	00001111	11111111			
	2014 06 07	19:15:00	48	62.908520	8.210492		3D	112	1.7	4	7	0	0	21	597	01000010	0	00001111	00000000			
	2014 06 07	19:45:00	67	62.908088	8.210140		3D	70	1.5	7	1	32	13	18	594	01000010	0	00001111	00000000			
	2014 06 07	20:15:00	63	62.908605	8.210478		3D	65	1.9	7	2	12	4	16	592	01000010	0	00001111	00000000			
	2014 06 07	20:45:00	61	62.909735	8.212812		3D	59	1.5	7	1	12	3	15	590	01000010	0	00001111	00000000			
	2014 06 07	21:15:00	61	62.909173	8.212262		3D	60	2.1	6	1	2	2	16	590	01000010	696	00001111	11111111			
	2014 06 07	21:45:00	61	62.908637	8.211052		3D	58	7.6	5	1	3	2	16	590	01000010	0	00001111	00000000			
	2014 06 07	22:15:00	61	62.908710	8.210982		3D	71	1.4	6	0	0	0	16	591	01000010	0	00001111	00000000			
	2014 06 07	22:45:00	62	62.908582	8.211033		3D	82	2.0	5	0	8	3	17	592	01000010	0	00001111	00000000			
	2014 06 07	23:15:00	61	62.908250	8.209122		3D	26	3.6	4	1	27	7	16	590	01000010	0	00001111	00000000			
	2014 06 07	23:45:00	90	62.908570	8.209810		3D	33	1.6	4	1	37	5	15	589	01001010	696	00001111	11111111			
	2014 06 08	00:15:00	31	62.908655	8.210503		3D	56	1.5	4	1	0	0	15	592	01000010	0	00001111	00000000			
	2014 06 08	00:45:00	69	62.908560	8.210603		3D	52	2.2	5	1	0	1	19	593	01100010	0	00001100	00000000		StartE	
	2014 06 08	01:15:00	61	62.908617	8.210573		3D	57	1.5	5	0	2	2	19	594	01000010	0	00001111	00000000			
	2014 06 08	01:45:00	60	62.908447	8.210862		3D	75	3.0	4	1	3	2	18	593	01000010	0	00001111	00000000			
	2014 06 08	02:15:00	74	62.908160	8.208812		3D	76	2.1	4	6	30	17	16	591	01000010	696	00001111	01111111			
	2014 06 08	02:45:00	73	62.908280	8.209248		3D	42	1.8	6	2	31	15	15	588	01000010	696	00001111	11111111			
	2014 06 08	03:15:00	61	62.908657	8.209628		3D	55	2.1	6	2	2	0	15	589	01000010	0	00001111	00000000			
	2014 06 08	03:45:00	62	62.908498	8.209877		3D	10	3.0	5	0	1	0	17	590	01000010	0	00001111	00000000			
	2014 06 08	04:15:00	31	62.908637	8.209957		3D	28	2.0	5	1	0	0	18	593	01000010	0	00001111	00000000			
	2014 06 08	04:45:00	70	62.908528	8.209693		3D	56	2.4	5	1	12	4	18	592	01000010	696	00001111	11111111			
	2014 06 08	05:15:00	62	62.908127	8.210180		3D	46	1.6	6	4	15	7	17	591	01000010	0	00001111	00000000			
	2014 06 08	05:45:00	61	62.908908	8.211780		3D	84	1.4	6	2	22	8	16	590	01000010	0	00001111	00000000			
	2014 06 08	06:15:00	73	62.910112	8.213333		3D	6	2.0	6	4	18	12	16	590	01000010	0	00001111	00000000			
	2014 06 08	06:45:00	60	62.869407	8.212638		3D	104	4.6	6	1	2	1	17	590	01000010	0	00001111	00000000			
	2014 06 08	07:15:00	61	62.909882	8.212710		3D	27	3.0	5	0	3	1	17	591	01000010	696	00001111	11111111			
	2014 06 08	07:45:00	62	62.909878	8.212690		3D	52	1.6	5	2	2	2	18	592	01000010	0	00001111	00000000			
	2014 06 08	08:15:00	61	62.909705	8.212800		3D	58	1.8	5	14	1	0	18	592	01000010	0	00001111	00000000			
	2014 06 08	08:45:00	61	62.909662	8.212583		3D	71	2.1	5	2	0	0	18	592	01100010	0	00001011	00000000		StartE	
	2014 06 08	09:15:00	77	62.909520	8.212917		3D	74	2.4	4	1	3	3	20	592	01000010	0	00001111	00000000			
	2014 06 08	09:45:00	72	62.909532	8.212172		3D	105	2.7	4	0	0	0	21	594	01100010	696	00001011	11111111		StartE	
	2014 06 08	10:15:00	66	62.909455	8.212767		3D	68	1.3	5	2	0	0	20	593	01100010	0	00001011	00000000		StartE	
	2014 06 08	10:45:00	61	62.908738	8.211748		3D	65	1.5	5	1	22	14	20	592	01000010	0	00001111	00000000			
	2014 06 08	11:45:00	20	62.909025	8.209908		3D	243	2.7	4	14	0	0	22	601	01000010	0	00001111	00000000			
	2014 06 08	12:15:00	41	62.912445	8.212412		3D	234	4.1	4	35	0	0	25	598	01000010	0	00001111	00000000			
	2014 06 08	12:45:00	73	62.908800	8.212080		3D	75	1.8	5	4	0	0	24	597	01000010	696	00001111	11111111			
	2014 06 08	13:15:00	43	62.909613	8.212742		3D	69	1.5	5	2	8	2	23	596	01000010	0	00001111	00000000			
	2014 06 08	13:45:00	40	62.909393	8.212717		3D	67	2.2	5	0	0	0	23	596	01000010	0	00001111	00000000			
	2014 06 08	14:15:00	20	62.909447	8.212540		3D	28	2.4	4	0	0	0	24	601	01000010	0	00001111	00000000			
	2014 06 08	14:45:00	23	62.909513	8.212872		3D	66	2.5	4	0	2	3	25	601	01000010	0	00001111	00000000			
	2014 06 08	15:15:00	91	62.909023	8.211625		3D	74	3.8	4	0	51	16	24	596	01001010	696	00001111	11111111			
	2014 06 08	15:45:00	90	62.907645	8.210105		3D	16	1.8	4	1	46	26	22	594	01001010	0	00001111	00000000			
	2014 06 08	16:15:00	45	62.908010	8.210282		3D	78	2.3	6	1	17	7	20	593	01000010	0	00001111	00000000			
	2014 06 08	16:45:00	61	62.908348	8.210720		3D	54	3.2	6	2	22	11	19	592	01100010	0	00001011	00000000		StartE	
	2014 06 08	17:15:00	62	62.908540	8.210730		3D	53	1.3	5	0	0	0	18	591	01000010	0	00001111	00000000			
	2014 06 08	17:45:00	64	62.908487	8.210672		3D	62	1.3	5	0	2	6	18	590	01100010	692	00001011	11111111		StartE	
	2014 06 08	18:15:00	90	62.914943	8.214467		2D	0	6.8	3	0	27	5	18	589	10001010	0	00001111	00000000			
	2014 06 08	18:45:00		Time Out								20	4	16	587	00001000	0	00001111	00000000			
	2014 06 08	19:15:00		Time Out								1	0	15	587	00001000	0	00001111	00000000			
	2014 06 08	19:45:00	83	62.908588	8.209183		3D	52	1.5	5	2	8	3	15	586	01000010	0	00001111	00000000			
	2014 06 08	20:15:00	61	62.908687	8.209337		3D	54	3.1	5	3	0	0	15	586	01000010	696	00001111	11111111			
	2014 06 08	20:45:00	67	62.908458	8.209430		3D	34	2.4	5	11	3	1	15	586	01000010	0	00001111	00000000			
	2014 06 08	21:15:00	72	62.908560	8.209390		3D	42	2.5	4	2	0	0	16	587	01000010	0	00001111	00000000			
	2014 06 08	21:45:00		Time Out								6	2	16	587	00001000	0	00001111	00000000			
	2014 06 08	22:15:00	58	62.908403	8.209517		3D	50	7.2	4	0	9	2	14	586	01000010	0	00001111	00000000			
	2014 06 08	22:45:00	66	62.908345	8.209255		3D	63	1.8	7	1	9	5	14	585	01000010	692	00001111	11111111			
	2014 06 08	23:15:00	60	62.908317	8.209132		3D	58	2.6	6	2	9	6	14	585	01000010	0	00001111	00000000			
	2014 06 08	23:45:00		Time Out								0	1	14	586	00001000	0	00001111	00000000			
	2014 06 09	00:15:00		Time Out								1	0	16	587	00001000	0	00001111	00000000			
	2014 06 09	00:45:00		Time Out								3	0	18	589	00101000	0	00001011	00000000		StartE	
	2014 06 09	01:15:00		Time Out								9	5	19	590	00101000	692	00001011	11111111		StartE	
	2014 06 09	01:45:00	89	62.908555	8.209598		3D	48	3.6	4	0	8	4	18	588	01001010	0	00001111	00000000			
	2014 06 09	02:15:00		Time Out								38	14	16	586	00001000	0	00001111	00000000			
	2014 06 09	02:45:00	65	62.909343	8.210472		3D	0	2.3	4	4	9	4	14	583	01000010	0	00001111	00000000			
	2014 06 09	03:15:00		Time Out								14	2	14	584	00001000	0	00001111	00000000			
	2014 06 09	03:45:00	67	62.908725	8.209558		3D	39	1.9	5	2	1	2	16	586	01000010	692	00001111	11111111			
	2014 06 09	04:15:00	60	62.908723	8.209782		3D	37	3.3	5	2	2	2	18	587	01000010	0	00001111	00000000			
	2014 06 09	04:45:00	62	62.908310	8.209092		3D	90	3.8	5	20	9	3	15	585	01000010	0	00001111	00000000			
	2014 06 09	05:15:00	32	62.909112	8.209562		3D	38	2.1	5	3	2	2	15	586	01000010	0	00001111	00000000			
	2014 06 09	05:45:00		Time Out								30	10	17	587	00001000	0	00001111	00000000			
	2014 06 09	06:15:00		Time Out								2	2	20	589	00001000	692	00001111	11111111			
	2014 06 09	06:45:00	56	62.908847	8.209630		2D	0	2.2	3	0	7	0	21	592	10001010	0	00001111	00000000			
	2014 06 09	07:15:00	72	62.908080	8.209690		3D	49	1.5	6	1	12	8	18	587	01000010	0	00001111	00000000			
	2014 06 09	07:45:00	60	62.908045	8.210260		3D	66	1.2	7	4	14	10	16	585	01000010	0	00001111	00000000			
	2014 06 09	08:15:00	68	62.908258	8.210715		3D	98	3.3	5	2	0	0	17	586	01000010	0	00001111	00000000			
	2014 06 09	08:45:00	64	62.908525	8.210257		3D	45	8.3	5	8	0	1	18	587	01000010	692	00001111	11111111			
	2014 06 09	09:15:00	60	62.908490	8.210277		3D	75	2.5	5	6	1	0	20	589	01000010	0	00001111	00000000			
	2014 06 09	09:45:00	22	62.908543	8.210193		3D	95	1.8	4	3	0	0	23	597	01000010	0	00001111	00000000			
	2014 06 09	10:15:00	66	62.907963	8.209948		3D	58	1.6	6	3	9	2	22	592	01000010	0	00001111	00000000			
	2014 06 09	10:45:00	66	62.908007	8.210245		3D	64	1.1	7	3	25	17	20	588	01000010	0	00001111	00000000			
	2014 06 09	11:15:00	60	62.907562	8.208517		3D	53	3.2	5	0	28	19	20	589	01000010	692	00001111	11111111			
	2014 06 09	11:45:00	86	62.908230	8.209402		3D	87	2.4	4	1	0	0	20	589	01000010	0	00001111	00000000			
	2014 06 09	12:15:00	73	62.907392	8.208925		2D	0	11.1	3	0	1	0	20	589	10001010	0	00001111	00000000			
	2014 06 09	12:45:00	56	62.908057	8.209017		3D	85	3.8	4	2	0	0	21	590	01001010	0	00001111	00000000			
	2014 06 09	13:15:00	59	62.908507	8.209147		3D	17	1.7	6	4	1	0	19	588	01000010	0	00001111	00000000			
	2014 06 09	13:45:00	67	62.908423	8.209653		3D	50	1.4	6	2	30	16	20	588	01000010	692	00001111	11111111			
	2014 06 09	14:15:00	22	62.908120	8.209713		3D	66	3.3	5	0	7	0	21	593	01000010	0	00001111	00000000			
	2014 06 09	14:45:00	21	62.908033	8.210062		3D	57	2.6	4	0	4	0	21	594	01000010	0	00001111	00000000			
	2014 06 09	15:15:00	71	62.909800	8.212683		3D	64	2.0	5	1	0	0	20	589	01000010	0	00001111	00000000			
	2014 06 09	15:45:00	71	62.909745	8.212630		3D	55	1.9	4	1	0	0	22	590	01000010	0	00001111	00000000			
	2014 06 09	16:15:00	65	62.909582	8.212653		3D	72	1.5	4	1	17	3	22	591	01000010	692	00001111	11111111			
	2014 06 09	16:45:00	26	62.909705	8.212452		3D	74	1.5	4	2	1	0	20	592	01000010	0	00001111	00000000			
	2014 06 09	17:15:00	56	62.909655	8.212638		2D	0	6.7	3	0	0	2	20	588	10001010	0	00001111	00000000			
	2014 06 09	17:45:00	61	62.908682	8.211357		3D	73	2.8	5	3	28	5	23	590	01000010	0	00001111	00000000			
	2014 06 09	18:15:00	89	62.909460	8.212110		3D	66	1.7	4	0	9	6	20	588	01001010	0	00001111	00000000			
	2014 06 09	18:45:00	49	62.909858	8.212717		3D	63	4.2	4	1	0	0	20	588	01000010	692	00001111	11111111			
	2014 06 09	19:15:00	61	62.909428	8.212413		3D	87	2.4	4	1	2	0	19	586	01000010	0	00001111	00000000			
	2014 06 09	19:45:00	60	62.908805	8.211393		3D	95	3.2	7	4	12	12	18	585	01000010	0	00001111	00000000			
	2014 06 09	20:15:00	62	62.908767	8.211673		3D	32	5.6	5	1	8	4	17	584	01000010	0	00001111	00000000			
	2014 06 09	20:45:00	64	62.909098	8.211887		3D	71	2.3	6	0	2	1	17	584	01000010	0	00001111	00000000			
	2014 06 09	21:15:00	59	62.909442	8.212642		3D	53	1.8	6	2	0	0	15	581	01000010	692	00001111	11111111			
	2014 06 09	21:45:00	59	62.909508	8.212568		3D	65	1.5	6	1	0	0	15	581	01000010	0	00001111	00000000			
	2014 06 09	22:15:00	59	62.909608	8.212537		3D	70	1.8	5	6	0	0	16	582	01000010	0	00001111	00000000			
	2014 06 09	22:45:00	68	62.909643	8.212838		3D	55	1.9	7	5	1	0	15	581	01000010	0	00001111	00000000			
	2014 06 09	23:15:00	59	62.909513	8.212490		3D	67	3.2	6	3	1	1	16	582	01000010	0	00001111	00000000			
	2014 06 09	23:45:00	60	62.909460	8.212420		3D	72	1.6	6	0	0	0	17	583	01000010	692	00001111	11111111			
	2014 06 10	00:15:00	60	62.909428	8.212718		3D	57	3.3	5	1	1	2	15	581	01000010	0	00001111	00000000			
	2014 06 10	00:45:00	59	62.909488	8.212402		3D	41	1.6	5	3	0	0	15	580	01000010	0	00001111	00000000			
	2014 06 10	01:15:00	71	62.909485	8.212463		3D	59	1.6	5	0	11	6	15	579	01000010	0	00001111	00000000			
	2014 06 10	01:45:00	60	62.909282	8.211665		3D	52	4.4	5	5	14	4	11	576	01000010	0	00001111	00000000			
	2014 06 10	02:15:00		Time Out								19	8	10	576	00001000	688	00001111	11111111			
	2014 06 10	02:45:00		Time Out								16	5	11	576	00001000	0	00001111	00000000			
	2014 06 10	03:15:00	61	62.910120	8.213340		3D	61	3.3	6	1	5	2	12	576	01000010	0	00001111	00000000			
	2014 06 10	03:45:00	31	62.909452	8.212160		3D	117	3.0	4	0	0	0	11	577	01000010	0	00001111	00000000			
	2014 06 10	04:15:00	60	62.909617	8.213283		3D	43	4.9	4	0	2	3	13	577	01000010	0	00001111	00000000			
	2014 06 10	04:45:00	60	62.909525	8.212580		3D	69	1.7	7	2	1	0	15	581	01000010	692	00001111	11111111			
	2014 06 10	05:15:00	60	62.909507	8.212508		3D	64	1.5	7	2	0	0	15	580	01000010	0	00001111	00000000			
	2014 06 10	05:45:00	60	62.910127	8.213177		3D	30	5.0	5	0	3	9	15	580	01000010	0	00001111	00000000			
	2014 06 10	06:15:00	59	62.909693	8.212767		3D	91	2.3	4	0	13	2	14	577	01000010	0	00001111	00000000			
	2014 06 10	06:45:00	60	62.909622	8.212528		3D	66	2.2	4	3	2	0	15	579	01000010	0	00001111	00000000			
	2014 06 10	07:15:00	71	62.909492	8.212490		3D	55	1.4	6	1	2	1	19	583	01000010	692	00001111	11111111			
	2014 06 10	07:45:00	23	62.909540	8.212315		3D	52	1.9	5	2	0	0	21	589	01000010	0	00001111	00000000			
	2014 06 10	08:15:00	76	62.909540	8.212438		3D	62	1.7	4	0	4	1	21	585	01000010	0	00001111	00000000			
	2014 06 10	08:45:00	72	62.909563	8.212618		3D	80	3.1	5	0	0	0	22	586	01000010	0	00001111	00000000			
	2014 06 10	09:15:00	61	62.910060	8.212878		3D	68	2.4	4	1	30	11	23	588	01000010	0	00001111	00000000			
	2014 06 10	09:45:00	20	62.909568	8.212347		3D	57	1.7	4	1	6	6	23	592	01000010	692	00001111	11111111			
	2014 06 10	10:15:00	61	62.909183	8.211538		3D	111	2.2	5	0	11	3	24	589	01000010	0	00001111	00000000			
	2014 06 10	10:45:00	67	62.909608	8.212720		3D	25	1.9	5	4	0	0	22	587	01000010	0	00001111	00000000			
	2014 06 10	11:15:00	58	62.909800	8.212900		3D	49	1.5	4	1	0	0	22	587	01000010	0	00001111	00000000			
	2014 06 10	11:45:00	72	51.019085	8.212712		3D	88	1.7	4	3	6	2	23	587	01000010	0	00001111	00000000			
	2014 06 10	12:15:00		Time Out								0	0	23	587	00001000	692	00001111	11111111			
	2014 06 10	12:45:00	67	62.909508	8.212752		3D	70	1.6	6	1	1	0	24	587	01000010	0	00001111	00000000			
	2014 06 10	13:15:00	69	62.909585	8.212743		3D	69	1.5	5	0	9	8	24	587	01000010	0	00001111	00000000			
	2014 06 10	13:45:00	66	62.909493	8.212808		3D	54	2.1	5	3	2	2	25	588	01000010	0	00001111	00000000			
	2014 06 10	14:15:00	72	50.812075	8.211917		3D	80	1.8	4	3	10	5	26	590	01000010	0	00001111	00000000			
	2014 06 10	14:45:00	62	62.908950	8.211468		3D	52	2.6	5	1	24	7	29	592	01000010	696	00001111	11111111			
	2014 06 10	15:15:00	40	62.910033	8.213348		3D	58	2.1	4	2	5	0	29	593	01000010	0	00001111	00000000			
	2014 06 10	15:45:00	42	62.909600	8.212660		3D	57	1.9	4	3	0	0	28	592	01000010	0	00001111	00000000			
	2014 06 10	16:15:00	72	62.909042	8.211812		3D	57	1.7	5	3	28	7	29	592	01000010	0	00001111	00000000			
	2014 06 10	16:45:00	61	62.908742	8.211572		3D	58	1.7	4	4	22	8	27	591	01000010	0	00001111	00000000			
	2014 06 10	17:15:00		Time Out								1	0	27	590	00001000	696	00001111	11111111			
	2014 06 10	17:45:00		Time Out								0	4	26	589	00001000	0	00001111	00000000			
	2014 06 10	18:15:00	89	62.909962	8.212818		3D	80	8.8	5	3	0	0	25	587	01101010	0	00001011	00000000		StartE	
	2014 06 10	18:45:00	60	62.908457	8.211313		3D	58	3.2	4	9	23	11	24	587	01000010	0	00001111	00000000			
	2014 06 10	19:15:00	61	62.907953	8.210227		3D	49	2.1	4	1	30	14	21	584	01000010	0	00001111	00000000			
	2014 06 10	19:45:00	67	62.908463	8.210697		3D	68	1.3	7	2	28	17	21	583	01000010	696	00001111	11111111			
	2014 06 10	20:15:00	60	62.909707	8.212827		3D	64	3.5	6	2	6	1	20	582	01000010	0	00001111	00000000			
	2014 06 10	20:45:00	60	62.909517	8.212382		3D	-63	6.2	5	2	2	3	21	582	01000010	0	00001111	00000000			
	2014 06 10	21:15:00	20	62.909392	8.213013		3D	121	2.4	5	1	1	1	21	587	01000010	0	00001111	00000000			
	2014 06 10	21:45:00	60	62.909518	8.212832		3D	41	1.8	5	9	5	4	19	581	01000010	0	00001111	00000000			
	2014 06 10	22:15:00	66	62.909545	8.212658		3D	78	2.8	6	1	2	0	20	581	01000010	692	00001111	11111111			
	2014 06 10	22:45:00	60	62.908508	8.211022		3D	86	4.0	5	5	20	10	18	581	01000010	0	00001111	00000000			
	2014 06 10	23:15:00	35	62.909597	8.212108		3D	71	2.0	4	0	6	2	18	578	01000010	0	00001111	00000000			
	2014 06 10	23:45:00	61	62.909628	8.212627		3D	65	2.0	5	3	2	0	18	578	01000010	0	00001111	00000000			
	2014 06 11	00:15:00	66	62.909738	8.212810		3D	53	2.6	5	0	3	1	19	579	01000010	0	00001111	00000000			
	2014 06 11	00:45:00	69	62.909348	8.211900		3D	83	6.9	4	1	25	17	18	578	01000010	692	00001111	11111111			
	2014 06 11	01:15:00	72	62.909523	8.211093		3D	22	9.5	5	0	9	6	20	578	01000010	0	00001111	00000000			
	2014 06 11	01:45:00	60	62.908240	8.209637		3D	33	2.2	5	10	14	8	19	578	01100010	0	00001011	00000000		StartE	
	2014 06 11	02:15:00	71	62.908598	8.209505		3D	52	5.2	6	1	16	6	17	576	01000010	0	00001111	00000000			
	2014 06 11	02:45:00	59	62.908222	8.209552		3D	50	2.5	5	1	23	11	17	576	01000010	0	00001111	00000000			
	2014 06 11	03:15:00	37	62.909797	8.212702		3D	77	2.2	5	1	1	1	18	576	01000010	692	00001111	11111111			
	2014 06 11	03:45:00	64	62.909883	8.212712		3D	71	2.0	6	6	1	2	18	576	01000010	0	00001111	00000000			
	2014 06 11	04:15:00	60	62.909735	8.212668		3D	71	1.6	7	4	0	0	18	576	01000010	0	00001111	00000000			
	2014 06 11	04:45:00	60	62.909517	8.212570		3D	51	1.2	7	12	1	0	18	576	01000010	0	00001111	00000000			
	2014 06 11	05:15:00	60	62.909778	8.212687		3D	48	1.5	8	3	2	1	19	576	01000010	0	00001111	00000000			
	2014 06 11	05:45:00	59	62.909792	8.212718		3D	72	1.3	7	2	10	3	21	580	01000010	692	00001111	11111111			
	2014 06 11	06:15:00	22	62.909837	8.212660		3D	45	2.3	4	0	0	0	22	584	01000010	0	00001111	00000000			
	2014 06 11	06:45:00	60	62.909403	8.211643		3D	51	2.2	4	0	16	6	22	581	01100010	0	00001011	00000000		StartE	
	2014 06 11	07:15:00		Time Out								34	16	18	576	00001000	0	00001111	00000000			
	2014 06 11	07:45:00		Time Out								11	10	17	576	00001000	0	00001111	00000000			
	2014 06 11	08:15:00	70	62.909413	8.211168		3D	65	1.9	5	6	3	1	18	576	01000010	692	00001111	11111111			
	2014 06 11	08:45:00		Time Out								2	2	18	576	00001000	0	00001111	00000000			
	2014 06 11	09:15:00		Time Out								2	6	17	574	00001000	0	00001111	00000000			
	2014 06 11	09:45:00		Time Out								10	9	17	573	00001000	0	00001111	00000000			
	2014 06 11	10:15:00	80	62.908808	8.210738		3D	37	1.7	4	3	8	5	17	573	01100010	0	00001011	00000000		StartE	
	2014 06 11	10:45:00	78	62.907927	8.210315		3D	66	1.7	4	1	17	13	18	574	01000010	692	00001111	11111111			
	2014 06 11	11:15:00	65	62.908015	8.210327		3D	65	2.3	5	2	26	13	19	575	01000010	0	00001111	00000000			
	2014 06 11	11:45:00	91	62.908080	8.209652		3D	115	1.6	4	3	5	3	21	577	01101010	0	00001011	00000000		StartE	
	2014 06 11	12:15:00	56	62.908028	8.209515		2D	0	1.7	3	0	0	0	22	580	10001010	0	00001111	00000000			
	2014 06 11	12:45:00	71	62.907953	8.209803		3D	60	4.0	4	0	18	8	21	577	01100010	0	00001011	00000000		StartE	
	2014 06 11	13:15:00	60	62.907932	8.209652		3D	67	1.6	6	2	1	0	19	573	01000010	692	00001111	11111111			
	2014 06 11	13:45:00	59	62.908048	8.210348		3D	55	3.4	4	0	25	15	17	573	01000010	0	00001111	00000000			
	2014 06 11	14:15:00	72	62.908050	8.210110		3D	74	2.5	7	3	31	10	16	570	01000010	0	00001111	00000000			
	2014 06 11	14:45:00	60	62.908312	8.209225		3D	52	2.3	6	1	27	5	16	570	01000010	0	00001111	00000000			
	2014 06 11	15:15:00	83	62.909430	8.209522		3D	325	2.1	4	1	0	0	16	570	01000010	0	00001111	00000000			
	2014 06 11	15:45:00	73	62.908687	8.209160		3D	80	3.2	4	0	1	2	15	568	01000010	688	00001111	11111111			
	2014 06 11	16:15:00		Time Out								31	4	18	571	00001000	0	00001111	00000000			
	2014 06 11	16:45:00	66	62.908252	8.209770		3D	54	1.3	6	3	18	10	18	571	01000010	0	00001111	00000000			
	2014 06 11	17:15:00	60	62.878337	8.209695		3D	60	1.3	4	2	11	4	18	571	01000010	0	00001111	00000000			
	2014 06 11	17:45:00	72	62.908287	8.209668		3D	71	1.5	7	4	0	0	20	573	01000010	0	00001111	00000000			
	2014 06 11	18:15:00	22	62.908137	8.209695		3D	22	1.8	4	1	0	0	22	579	01000010	692	00001111	11111111			
	2014 06 11	18:45:00		Time Out								21	12	16	571	00001000	0	00001111	00000000			
	2014 06 11	19:15:00		Time Out								28	27	14	566	00001000	0	00001111	00000000			
	2014 06 11	19:45:00		Time Out								13	1	14	565	00001000	0	00001111	00000000			
	2014 06 11	20:15:00		Time Out								7	14	15	566	00001000	0	00001111	00000000			
	2014 06 11	20:45:00		Time Out								31	16	15	566	00101000	684	00001011	11111111		StartE	
	2014 06 11	21:15:00		Time Out								14	6	14	563	00001000	0	00001111	00000000			
	2014 06 11	21:45:00		Time Out								18	5	14	564	00001000	0	00001111	00000000			
	2014 06 11	22:15:00		Time Out								10	4	15	564	00001000	0	00001111	00000000			
	2014 06 11	22:45:00		Time Out								0	0	15	564	00101000	0	00001011	00000000		StartE	
	2014 06 11	23:15:00	85	62.909408	8.211625		2D	0	4.2	3	0	2	2	15	564	10001010	688	00001111	11111111			
	2014 06 11	23:45:00		Time Out								1	1	16	564	00001000	0	00001111	00000000			
	2014 06 12	00:15:00		Time Out								3	0	16	564	00001000	0	00001111	00000000			
	2014 06 12	00:45:00	80	62.909227	8.211038		2D	0	3.5	3	0	0	0	16	564	10001010	0	00001111	00000000			
	2014 06 12	01:15:00	70	62.909407	8.210695		3D	20	1.6	4	13	0	0	17	564	01000010	0	00001111	00000000			
	2014 06 12	01:45:00	80	62.909358	8.210052		3D	43	1.4	4	4	7	6	16	562	01000010	688	00001111	11111111			
	2014 06 12	02:15:00	59	62.909258	8.209905		3D	64	9.6	4	0	12	2	18	565	01000010	0	00001111	00000000			
	2014 06 12	02:45:00	71	62.909128	8.209618		3D	18	1.8	4	3	23	14	14	560	01000010	0	00001111	00000000			
	2014 06 12	03:15:00		Time Out								19	15	15	562	00001000	0	00001111	00000000			
	2014 06 12	03:45:00	71	62.908548	8.209762		3D	70	4.4	5	1	11	3	15	560	01000010	0	00001111	00000000			
	2014 06 12	04:15:00	72	62.908703	8.209275		3D	24	2.6	6	2	19	10	15	560	01000010	688	00001111	11111111			
	2014 06 12	04:45:00	73	62.908588	8.209278		3D	28	1.8	6	2	27	1	14	558	01000010	0	00001111	00000000			
	2014 06 12	05:15:00		Time Out								5	2	17	562	00001000	0	00001111	00000000			
	2014 06 12	05:45:00	71	62.908773	8.208863		3D	67	2.5	4	0	2	1	16	560	01000010	0	00001111	00000000			
	2014 06 12	06:15:00		Time Out								19	8	16	558	00001000	0	00001111	00000000			
	2014 06 12	06:45:00	72	62.907782	8.209083		3D	38	3.1	4	0	19	7	15	557	01000010	684	00001111	11111111			
	2014 06 12	07:15:00	72	62.907642	8.209122		3D	67	1.4	6	6	2	0	18	560	01100010	0	00001011	00000000		StartE	
	2014 06 12	07:45:00	60	62.907587	8.209107		3D	57	2.2	5	4	3	3	19	561	01000010	0	00001111	00000000			
	2014 06 12	08:15:00	66	62.907623	8.209002		3D	50	1.2	6	1	5	0	21	563	01000010	0	00001111	00000000			
	2014 06 12	08:45:00	72	62.907977	8.210048		3D	92	3.0	6	3	31	14	20	563	01000010	0	00001111	00000000			
	2014 06 12	09:15:00	65	62.908142	8.210207		3D	70	1.9	5	2	18	11	18	560	01000010	692	00001111	11111111			
	2014 06 12	09:45:00	67	62.908298	8.209133		3D	75	1.4	5	4	33	22	18	558	01000010	0	00001111	00000000			
	2014 06 12	10:15:00		Time Out								35	9	17	558	00101000	0	00001011	00000000		StartE	
	2014 06 12	10:45:00	66	62.907353	8.209187		3D	73	2.9	4	3	13	13	20	560	01000010	0	00001111	00000000			
	2014 06 12	11:15:00	71	62.907632	8.209635		3D	58	1.3	6	4	1	0	18	558	01100010	0	00001011	00000000		StartE	
	2014 06 12	11:45:00	72	62.907548	8.209513		3D	75	1.6	6	1	0	0	19	557	01000010	680	00001111	11111111			
	2014 06 12	12:15:00	67	62.907593	8.209515		3D	57	1.7	5	6	17	4	18	556	01000010	0	00001111	00000000			
	2014 06 12	12:45:00	60	62.907607	8.209615		3D	73	5.1	4	1	0	0	18	555	01000010	0	00001111	00000000			
	2014 06 12	13:15:00	73	62.907537	8.209542		3D	88	2.7	4	1	2	1	18	555	01100010	0	00001011	00000000		StartE	
	2014 06 12	13:45:00	61	62.907482	8.209172		3D	66	3.1	4	1	9	5	17	552	01000010	0	00001111	00000000			
	2014 06 12	14:15:00	80	62.907375	8.209322		3D	58	5.8	4	0	26	10	16	551	01000010	688	00001111	11111111			
	2014 06 12	14:45:00	60	62.907603	8.209635		3D	48	2.8	4	0	27	19	14	547	01000010	0	00001111	00000000			
	2014 06 12	15:15:00		Time Out								0	0	14	546	00001000	0	00001111	00000000			
	2014 06 12	15:45:00		Time Out								22	18	14	544	00001000	0	00001111	00000000			
	2014 06 12	16:15:00		Time Out								42	38	14	542	00001000	0	00001111	00000000			
	2014 06 12	16:45:00		Time Out								44	21	15	542	00001000	680	00001111	11111111			
	2014 06 12	17:15:00	72	62.906665	8.225838		3D	350	1.6	5	0	25	16	13	536	01000010	0	00001111	00000000			
	2014 06 12	17:45:00	73	62.907340	8.228502		3D	415	1.6	4	1	21	0	11	533	01000010	0	00001111	00000000			
	2014 06 12	18:15:00		Time Out								13	9	11	535	00001000	0	00001111	00000000			
	2014 06 12	18:45:00		Time Out								23	10	12	537	00001000	0	00001111	00000000			
	2014 06 12	19:15:00	89	62.902930	8.223727		3D	395	1.8	4	0	0	1	13	531	01001010	680	00001111	11111111			
	2014 06 12	19:45:00		Time Out								0	0	14	534	00001000	0	00001111	00000000			
	2014 06 12	20:15:00	91	62.903355	8.223397		3D	383	3.4	5	2	19	13	11	528	01001010	0	00001111	00000000			
	2014 06 12	20:45:00	61	62.903000	8.223382		3D	377	7.1	4	1	10	5	13	529	01000010	0	00001111	00000000			
	2014 06 12	21:15:00	62	62.903695	8.223593		3D	390	7.5	4	0	20	10	13	529	01000010	0	00001111	00000000			
	2014 06 12	21:45:00	76	62.906357	8.229165		3D	366	6.9	5	2	8	0	11	521	01000010	680	00001111	11111111			
	2014 06 12	22:15:00		Time Out								0	0	11	520	00001000	676	00001111	11111111			
	2014 06 12	22:45:00	74	62.906257	8.228895		3D	428	2.2	4	3	0	0	14	519	01000010	608	00001111	11111111			
	2014 06 12	23:15:00	75	62.906102	8.229073		3D	401	2.4	4	2	0	0	13	509	01000010	600	00001111	11111111			
	2014 06 12	23:45:00	66	62.906140	8.228752		3D	425	1.5	6	7	1	1	12	498	01000010	620	00001111	11111111			
	2014 06 13	00:15:00	60	62.906157	8.228852		3D	414	2.2	5	0	0	0	13	493	01000010	556	00001111	11111111			
	2014 06 13	00:45:00	71	62.906143	8.228885		3D	415	2.3	5	7	0	0	14	486	01000010	580	00001111	11111111			
	2014 06 13	01:15:00	79	62.905270	8.226513		2D	0	7.9	3	0	18	12	9	463	10001010	528	00001111	11111111			
	2014 06 13	01:45:00		Time Out								19	14	8	446	00001000	532	00001111	11111111			
	2014 06 13	02:15:00	60	62.904735	8.225160		3D	405	1.3	7	2	1	1	10	451	01000010	512	00001111	11111111			
	2014 06 13	02:45:00	60	62.904695	8.225062		3D	402	3.4	5	0	0	0	10	456	01000010	512	00001111	11111111			
	2014 06 13	03:15:00	62	62.903777	8.223075		3D	447	5.5	4	0	16	6	9	440	01000010	536	00001111	11111111			
	2014 06 13	03:45:00		Time Out								36	14	10	429	00001000	528	00001111	11111111			
	2014 06 13	04:15:00		Time Out								32	2	9	417	00001000	496	00001111	11111111			
	2014 06 13	04:45:00	82	62.902638	8.227703		3D	416	2.2	5	0	39	4	8	380	01100010	504	00001011	11111111		StartE	
	2014 06 13	05:15:00	61	62.902393	8.227293		3D	392	3.4	4	0	26	11	6	350	01000010	512	00001111	01111111			
	2014 06 13	05:45:00	61	62.902107	8.226993		3D	425	2.2	4	0	12	7	9	354	01000010	496	00001111	01111111			
	2014 06 13	06:15:00	72	62.902333	8.226785		3D	419	2.1	6	2	0	0	10	290	01000010	500	00001111	01111111			
	2014 06 13	06:45:00	61	62.901313	8.228098		3D	387	3.7	5	0	17	6	10	249	01000010	512	00001111	01111111			
	2014 06 13	08:45:00	61	0.000000	0.000000			0	0.0	0	0	25	4	10	238	00010000	508	00001111	01111111			Stopped
	2014 06 13	09:15:00	44	0.000000	0.000000			0	0.0	0	0	11	0	10	238	00010000	480	00001111	01111111			Stopped
	2014 06 13	09:45:00	49	0.000000	0.000000			0	0.0	0	0	13	8	10	238	00010000	480	00001111	01111111			Stopped
	2014 06 13	10:15:00	41	0.000000	0.000000			0	0.0	0	0	8	8	10	233	00010000	480	00001111	01111111			Stopped
	2014 06 13	10:45:00	36	0.000000	0.000000			0	0.0	0	0	5	3	11	237	00010000	480	00001111	01111111			Stopped
	2014 06 13	11:15:00	41	0.000000	0.000000			0	0.0	0	0	0	1	14	235	00010000	480	00001111	01111111			Stopped
	2014 06 13	11:45:00	51	0.000000	0.000000			0	0.0	0	0	7	0	16	234	00010000	480	00001111	01111111			Stopped
	2014 06 13	12:15:00	57	0.000000	0.000000			0	0.0	0	0	0	1	21	231	00010000	480	00001111	01111111			Stopped
	2014 06 13	12:45:00	84	0.000000	0.000000			0	0.0	0	0	0	0	25	228	00010000	480	00001111	01111111			Stopped
	2014 06 13	13:15:00	35	0.000000	0.000000			0	0.0	0	0	10	0	18	233	00010000	480	00001111	01111111			Stopped
	2014 06 13	13:45:00	33	0.000000	0.000000			0	0.0	0	0	6	0	14	235	00110000	480	00001011	01111111		StartE	Stopped
