RovbaseID,Funnetdato,Skadetype,Rase,"Rase, annet","Skadedato, fra","Skadedato, til",Usikker skadedato,Kjønn,Alder,Antall,Tilstand,Skadeårsak,Vurdering,Skadested,KommuneID,Nord (opprinnelig),Øst (opprinnelig),Nord (UTM33/SWEREF99 TM),Øst (UTM33/SWEREF99 TM),Nord (RT90),Øst (RT90),Koordinatsystem,Stedkvalitet,Kommune,Fylkenummer,Fylke,latitude,longitude
K465912,22.09.2015,Sau,Norsk kvit sau,,17.09.2015,17.09.2015,Ja,Ukjent,Under 1 år,1,Dødt,Jerv,Antatt sikker,Utmark,1-5034,7049934,647649,7050067,349513,7054410,1309469,WGS84-UTM Sone 32,God,Meråker (N),1-50,Trøndelag (N),63.54671532198019,11.97142257855543
K465587,04.08.2015,Sau,Spel,,01.08.2015,01.08.2015,Ja,Ukjent,Under 1 år,1,Dødt,Jerv,Dokumentert,Utmark,1-5034,7054312,644141,7054755,346431,7059139,1306444,WGS84-UTM Sone 32,God,Meråker (N),1-50,Trøndelag (N),63.587405070790595,11.904944079222725
K479357,18.08.2017,Sau,Spel,,16.08.2017,17.08.2017,Ja,Ukjent,Under 1 år,1,Dødt,Bjørn,Antatt sikker,Utmark,1-5034,7025618,636749,7026876,336386,7031373,1296043,WGS84-UTM Sone 32,Meget god,Meråker (N),1-50,Trøndelag (N),63.33310862776957,11.731531717995598
K511567,26.07.2020,Sau,Spel,,21.07.2020,24.07.2020,Ja,Ukjent,Under 1 år,1,Dødt,Jerv,Antatt sikker,Utmark,1-5034,7057191,345292,7057191,345292,7061591,1305336,WGS84-UTM Sone 33,God,Meråker (N),1-50,Trøndelag (N),63.60873849180011,11.879636197300892
K512430,29.08.2020,Sau,Annet,Svartfjes,25.08.2020,27.08.2020,Ja,Hunn,Voksen,1,Dødt,Bjørn,Dokumentert,Utmark,1-5034,7038581,349538,7038581,349538,7042918,1309349,WGS84-UTM Sone 33,God,Meråker (N),1-50,Trøndelag (N),63.44378648950279,11.982810136610384
K512431,29.08.2020,Sau,Annet,Svartfjes,25.08.2020,27.08.2020,Ja,Ukjent,Under 1 år,1,Dødt,Bjørn,Antatt sikker,Utmark,1-5034,7038590,349617,7038590,349617,7042926,1309428,WGS84-UTM Sone 33,God,Meråker (N),1-50,Trøndelag (N),63.443900522876596,11.984383186837027
K512432,29.08.2020,Sau,Annet,Svartfjes,25.08.2020,27.08.2020,Ja,Hunn,Voksen,1,Dødt,Bjørn,Dokumentert,Utmark,1-5034,7038498,349841,7038498,349841,7042831,1309651,WGS84-UTM Sone 33,God,Meråker (N),1-50,Trøndelag (N),63.44317052072296,11.988954250454347
K512433,29.08.2020,Sau,Annet,Svartfjes,25.08.2020,27.08.2020,Ja,Hunn,Under 1 år,1,Dødt,Bjørn,Dokumentert,Utmark,1-5034,7038446,349821,7038446,349821,7042780,1309631,WGS84-UTM Sone 33,God,Meråker (N),1-50,Trøndelag (N),63.4426960454908,11.988602853187224
K512434,29.08.2020,Sau,Annet,Svartfjes,26.08.2020,28.08.2020,Ja,Hunn,Voksen,1,Dødt,Bjørn,Dokumentert,Utmark,1-5034,7038630,649081,7038478,349778,7042812,1309588,ED50-UTM Sone 32,God,Meråker (N),1-50,Trøndelag (N),63.44296470242102,11.987711891017517
K499263,23.08.2018,Sau,Norsk kvit sau,,19.08.2018,20.08.2018,Ja,Hunn,Åring,1,Dødt,Bjørn,Dokumentert,Utmark,1-5034,7036620,333293,7036620,333293,7041161,1293071,WGS84-UTM Sone 33,God,Meråker (N),1-50,Trøndelag (N),63.41898333849786,11.659732567993036
K479657,25.08.2017,Sau,Norsk kvit sau,,20.08.2017,22.08.2017,Ja,Hunn,Åring,1,Dødt,Bjørn,Dokumentert,Utmark,1-5034,7027901,638712,7028966,338554,7033437,1298238,WGS84-UTM Sone 32,Meget god,Meråker (N),1-50,Trøndelag (N),63.35282113723676,11.77265832926983
K479834,30.08.2017,Sau,Norsk kvit sau,,13.08.2017,15.08.2017,Ja,Hunn,Voksen,1,Dødt,Bjørn,Antatt sikker,Utmark,1-5034,7029883,634649,7031319,334693,7035840,1294406,WGS84-UTM Sone 32,Særs god,Meråker (N),1-50,Trøndelag (N),63.37213935946891,11.693203873704382
K478895,06.08.2017,Sau,Norsk kvit sau,,05.08.2017,06.08.2017,Ja,Hunn,Voksen,1,Dødt,Bjørn,Dokumentert,Utmark,1-5034,7028756,634581,7030203,334520,7034726,1294218,WGS84-UTM Sone 32,Meget god,Meråker (N),1-50,Trøndelag (N),63.36206007027356,11.690901619827141
K469949,09.07.2016,Sau,Norsk kvit sau,,06.07.2016,08.07.2016,Ja,Hunn,Voksen,1,Dødt,Bjørn,Dokumentert,Utmark,1-5034,7032650,635080,7034034,335381,7038547,1295128,WGS84-UTM Sone 32,Særs god,Meråker (N),1-50,Trøndelag (N),63.39678338293731,11.704148634758512
K469990,11.07.2016,Sau,,,09.07.2016,10.07.2016,Ja,Hunn,Voksen,1,Dødt,Bjørn,Dokumentert,Utmark,1-5034,7030695,634086,7032180,334209,7036708,1293932,WGS84-UTM Sone 32,Særs god,Meråker (N),1-50,Trøndelag (N),63.37962940678447,11.682650700193117
K470124,15.07.2016,Sau,Norsk kvit sau,,14.07.2016,15.07.2016,Ja,Hunn,Voksen,1,Dødt,Bjørn,Dokumentert,Utmark,1-5034,7027826,634812,7029256,334663,7033776,1294350,WGS84-UTM Sone 32,God,Meråker (N),1-50,Trøndelag (N),63.353641242643256,11.694731063846389
K465652,09.09.2015,Sau,Spel,,09.09.2015,09.09.2015,Ja,Ukjent,Under 1 år,1,Dødt,Jerv,Dokumentert,Utmark,1-5034,7053824,644076,7054275,346320,7058660,1306328,WGS84-UTM Sone 32,God,Meråker (N),1-50,Trøndelag (N),63.58305539510486,11.903178812062924
K504109,23.07.2019,Sau,Norsk kvit sau,,21.07.2019,22.07.2019,Ja,Ukjent,Under 1 år,1,Dødt,Ulv,Dokumentert,Utmark,1-5034,7059052,343045,7059052,343045,7063481,1303111,WGS84-UTM Sone 33,God,Meråker (N),1-50,Trøndelag (N),63.624424125517876,11.832540781145216
K497279,18.06.2018,Sau,Norsk kvit sau,,10.06.2018,15.06.2018,Ja,Hunn,Under 1 år,1,Skadd og ikke avlivet,Bjørn,Antatt sikker,Utmark,1-5034,7022769,344497,7022769,344497,7027162,1304106,WGS84-UTM Sone 33,God,Meråker (N),1-50,Trøndelag (N),63.2999202168598,11.897236923748752
K497280,18.06.2018,Sau,Norsk kvit sau,,10.06.2018,15.06.2018,Ja,Hunn,Voksen,1,Skadd og ikke avlivet,Bjørn,Antatt sikker,Utmark,1-5034,7022777,344503,7022777,344503,7027170,1304112,WGS84-UTM Sone 33,God,Meråker (N),1-50,Trøndelag (N),63.29999451467157,11.897348715628182
K471420,19.08.2016,Sau,,,18.08.2016,19.08.2016,Nei,Hunn,Åring,1,Skadd og avlivet,Ulv,Antatt sikker,Utmark,1-5034,7010374,350473,7010374,350473,7014685,1309929,WGS84-UTM Sone 33,God,Meråker (N),1-50,Trøndelag (N),63.19136955457566,12.02772788895924
K471427,19.08.2016,Sau,,,18.08.2016,19.08.2016,Nei,Hunn,Voksen,1,Skadd og ikke avlivet,Ulv,Antatt sikker,Utmark,1-5034,7010257,350523,7010257,350523,7014568,1309978,WGS84-UTM Sone 33,God,Meråker (N),1-50,Trøndelag (N),63.19034165128427,12.028827743305458
K471432,19.08.2016,Sau,,,18.08.2016,19.08.2016,Nei,Hann,Under 1 år,1,Skadd og ikke avlivet,Ulv,Antatt sikker,Utmark,1-5034,7010289,350473,7010289,350473,7014600,1309928,WGS84-UTM Sone 33,God,Meråker (N),1-50,Trøndelag (N),63.190607702587975,12.027806060318394
K471436,19.08.2016,Sau,,,18.08.2016,19.08.2016,Nei,Hunn,Under 1 år,1,Skadd og ikke avlivet,Ulv,Antatt sikker,Utmark,1-5034,7010409,350354,7010409,350354,7014722,1309811,WGS84-UTM Sone 33,God,Meråker (N),1-50,Trøndelag (N),63.19163381017937,12.025334028355067
K471439,19.08.2016,Sau,,,18.08.2016,19.08.2016,Nei,Hann,Under 1 år,1,Skadd og avlivet,Ulv,Antatt sikker,Utmark,1-5034,7010328,350490,7010328,350490,7014639,1309946,WGS84-UTM Sone 33,God,Meråker (N),1-50,Trøndelag (N),63.190964318816675,12.028107567929558
K471440,19.08.2016,Sau,,,18.08.2016,19.08.2016,Nei,Ukjent,Under 1 år,1,Dødt,Ulv,Antatt sikker,Utmark,1-5034,7009751,351213,7009751,351213,7014053,1310662,WGS84-UTM Sone 33,God,Meråker (N),1-50,Trøndelag (N),63.186092158722495,12.042983977981619
K471442,19.08.2016,Sau,,,18.08.2016,19.08.2016,Nei,Ukjent,Under 1 år,1,Dødt,Ulv,Antatt sikker,Utmark,1-5034,7010086,350980,7010086,350980,7014391,1310433,WGS84-UTM Sone 33,God,Meråker (N),1-50,Trøndelag (N),63.18899842838297,12.038053742353798
K470285,20.07.2016,Sau,Norsk kvit sau,,20.06.2016,10.07.2016,Ja,Hunn,Voksen,1,Dødt,Ukjent fredet rovvilt,Antatt sikker,Utmark,1-5034,7023104,344747,7023104,344747,7027494,1304361,WGS84-UTM Sone 33,God,Meråker (N),1-50,Trøndelag (N),63.303030823098304,11.90189379899959
K470286,20.07.2016,Sau,Norsk kvit sau,,20.06.2016,10.07.2016,Ja,Hunn,Voksen,1,Dødt,Ukjent fredet rovvilt,Antatt sikker,Utmark,1-5034,7023102,344747,7023102,344747,7027492,1304361,WGS84-UTM Sone 33,God,Meråker (N),1-50,Trøndelag (N),63.30301289954207,11.901895725484243
K471767,24.08.2016,Sau,Norsk kvit sau,,23.08.2016,24.08.2016,Nei,Hunn,Under 1 år,1,Skadd og ikke avlivet,Ulv,Antatt sikker,Utmark,1-5034,7010332,350587,7010332,350587,7014642,1310043,WGS84-UTM Sone 33,Mindre god,Meråker (N),1-50,Trøndelag (N),63.19104044235487,12.030028911368815
K471768,24.08.2016,Sau,Norsk kvit sau,,23.08.2016,24.08.2016,Nei,Hann,Under 1 år,1,Skadd og ikke avlivet,Ulv,Antatt sikker,Utmark,1-5034,7010502,350333,7010502,350333,7014815,1309791,WGS84-UTM Sone 33,Mindre god,Meråker (N),1-50,Trøndelag (N),63.19245863336325,12.024831648089839
K471770,24.08.2016,Sau,Norsk kvit sau,,23.08.2016,24.08.2016,Nei,Hunn,Voksen,1,Skadd og avlivet,Ulv,Antatt sikker,Utmark,1-5034,7010586,349910,7010586,349910,7014905,1309369,WGS84-UTM Sone 33,Mindre god,Meråker (N),1-50,Trøndelag (N),63.1930353966813,12.01635908666741
K471771,24.08.2016,Sau,Norsk kvit sau,,23.08.2016,24.08.2016,Nei,Hunn,Voksen,1,Skadd og avlivet,Ulv,Antatt sikker,Utmark,1-5034,7009994,350418,7009994,350418,7014306,1309870,WGS84-UTM Sone 33,Mindre god,Meråker (N),1-50,Trøndelag (N),63.187940781356495,12.026985934852599
K471772,25.08.2016,Sau,Norsk kvit sau,,24.08.2016,25.08.2016,Nei,Hunn,Under 1 år,1,Skadd og avlivet,Ulv,Antatt sikker,Utmark,1-5034,7019345,346186,7019345,346186,7023715,1305753,WGS84-UTM Sone 33,Mindre god,Meråker (N),1-50,Trøndelag (N),63.26996316243327,11.934142472438973
K476848,03.06.2017,Sau,Norsk kvit sau,,03.06.2017,03.06.2017,Nei,Hunn,Voksen,1,Dødt,Bjørn,Dokumentert,Utmark,1-5034,7022458,642940,7023151,342255,7027572,1301868,WGS84-UTM Sone 32,Meget god,Meråker (N),1-50,Trøndelag (N),63.30236346943703,11.852208654429552
K477153,11.06.2017,Sau,Norsk kvit sau,,07.06.2017,10.06.2017,Ja,Hunn,Voksen,1,Dødt,Ukjent fredet rovvilt,Antatt sikker,Utmark,1-5034,7021504,644468,7022059,343687,7026461,1303287,WGS84-UTM Sone 32,Særs god,Meråker (N),1-50,Trøndelag (N),63.29320503091972,11.88179176956561
K477209,13.06.2017,Sau,Norsk kvit sau,,07.06.2017,09.06.2017,Ja,Hunn,Voksen,1,Dødt,Bjørn,Dokumentert,Utmark,1-5034,7020677,644959,7021189,344099,7025586,1303688,WGS84-UTM Sone 32,Særs god,Meråker (N),1-50,Trøndelag (N),63.285587798597476,11.8908366465168
K478467,23.07.2017,Sau,Norsk kvit sau,,22.07.2017,23.07.2017,Ja,Hunn,Voksen,1,Dødt,Bjørn,Dokumentert,Utmark,1-5034,7022145,643444,7022792,342727,7027208,1302336,WGS84-UTM Sone 32,Meget god,Meråker (N),1-50,Trøndelag (N),63.29935381839003,11.861960669500938
K470433,26.07.2016,Sau,Norsk kvit sau,,25.07.2016,26.07.2016,Nei,Hunn,Voksen,1,Dødt,Bjørn,Dokumentert,Utmark,1-5034,7023585,643784,7024194,343201,7028604,1302827,WGS84-UTM Sone 32,God,Meråker (N),1-50,Trøndelag (N),63.312125586470835,11.870037172128848
K499261,28.08.2018,Sau,Norsk kvit sau,,25.08.2018,27.08.2018,Ja,Hann,Under 1 år,1,Dødt,Gaupe,Antatt sikker,Utmark,1-5034,7021755,342530,7021755,342530,7026172,1302126,WGS84-UTM Sone 33,God,Meråker (N),1-50,Trøndelag (N),63.28997430703099,11.859049519499933
K499713,12.09.2018,Sau,Annet,"Kryssing, grå trønder/gammelnorsk spæl",11.09.2018,12.09.2018,Ja,Hunn,Voksen,1,Dødt,Bjørn,Dokumentert,Utmark,1-5034,7041508,340366,7041508,340366,7045962,1300209,WGS84-UTM Sone 33,God,Meråker (N),1-50,Trøndelag (N),63.466021064981696,11.796286828010563
K479773,30.08.2017,Sau,Annet,"Kryssing, grå trønder/gammelnorsk spæl",29.08.2017,29.08.2017,Nei,Hunn,Voksen,1,Dødt,Bjørn,Dokumentert,Utmark,1-5034,7039136,640004,7040032,340891,7044479,1300716,WGS84-UTM Sone 32,Meget god,Meråker (N),1-50,Trøndelag (N),63.45303016835058,11.808278467867796
K497564,26.06.2018,Sau,Norsk kvit sau,,25.06.2018,25.06.2018,Nei,Hunn,Voksen,1,Dødt,Bjørn,Dokumentert,Utmark,1-5034,7028441,339405,7028441,339405,7032901,1299083,WGS84-UTM Sone 33,God,Meråker (N),1-50,Trøndelag (N),63.34850004349344,11.790162962654085
K497977,08.07.2018,Sau,Norsk kvit sau,,08.07.2018,08.07.2018,Nei,Hunn,Voksen,1,Dødt,Bjørn,Dokumentert,Utmark,1-5034,7030855,339691,7030855,339691,7035312,1299400,WGS84-UTM Sone 33,God,Meråker (N),1-50,Trøndelag (N),63.370259712096924,11.793456988592105
K498602,05.08.2018,Sau,Norsk kvit sau,,01.08.2018,01.08.2018,Nei,Hunn,Voksen,1,Dødt,Bjørn,Antatt sikker,Utmark,1-5034,7025044,337642,7025044,337642,7029524,1297277,WGS84-UTM Sone 33,God,Meråker (N),1-50,Trøndelag (N),63.31726512859768,11.758422702456102
K498378,25.07.2018,Sau,Norsk kvit sau,,25.07.2018,25.07.2018,Nei,Hunn,Voksen,1,Dødt,Bjørn,Dokumentert,Utmark,1-5034,7028959,340375,7028959,340375,7033407,1300060,WGS84-UTM Sone 33,God,Meråker (N),1-50,Trøndelag (N),63.35357615033217,11.808999413595982
K470687,01.08.2016,Sau,,,30.07.2016,31.07.2016,Nei,Hunn,Åring,1,Skadd og avlivet,Bjørn,Dokumentert,Utmark,1-5034,7027540,635510,7028906,335332,7033417,1295014,WGS84-UTM Sone 32,Meget god,Meråker (N),1-50,Trøndelag (N),63.350814018935054,11.708437545365166
K478679,30.07.2017,Sau,Norsk kvit sau,,30.07.2017,30.07.2017,Nei,Hunn,Voksen,1,Dødt,Bjørn,Dokumentert,Utmark,1-5034,7027423,640116,7028359,339907,7032812,1299585,WGS84-UTM Sone 32,Meget god,Meråker (N),1-50,Trøndelag (N),63.347990368759575,11.800259461690597
K511923,11.08.2020,Sau,Spel,,09.08.2020,10.08.2020,Ja,Hunn,Åring,1,Dødt,Bjørn,Dokumentert,Utmark,1-5034,7034706,341174,7034706,341174,7039147,1300932,WGS84-UTM Sone 33,God,Meråker (N),1-50,Trøndelag (N),63.40543087890743,11.819245273081405
K512036,15.08.2020,Sau,Spel,,13.08.2020,14.08.2020,Ja,Hunn,Voksen,1,Dødt,Bjørn,Dokumentert,Utmark,1-5034,7035922,341303,7035922,341303,7040362,1301076,WGS84-UTM Sone 33,God,Meråker (N),1-50,Trøndelag (N),63.41638481243225,11.82061651660999
K512687,09.09.2020,Sau,Spel,,05.09.2020,07.09.2020,Ja,Hann,Under 1 år,1,Dødt,Bjørn,Dokumentert,Utmark,1-5034,7035249,341508,7035249,341508,7039686,1301273,WGS84-UTM Sone 33,God,Meråker (N),1-50,Trøndelag (N),63.410445267748116,11.825383502304573
K512768,14.09.2020,Sau,Spel,,11.09.2020,12.09.2020,Ja,Hann,Under 1 år,1,Dødt,Bjørn,Dokumentert,Utmark,1-5034,7035414,339287,7035414,339287,7039879,1299053,WGS84-UTM Sone 33,God,Meråker (N),1-50,Trøndelag (N),63.41092975375576,11.78081429622602
K504149,23.07.2019,Sau,Spel,,16.07.2019,18.07.2019,Ja,Ukjent,Under 1 år,1,Dødt,Ulv,Antatt sikker,Utmark,1-5034,7034102,640884,7034937,341296,7039376,1301057,WGS84-UTM Sone 32,God,Meråker (N),1-50,Trøndelag (N),63.407555164578106,11.821454713217857
K478200,15.07.2017,Sau,Spel,,12.07.2017,13.07.2017,Ja,Hunn,Voksen,1,Dødt,Bjørn,Dokumentert,Utmark,1-5034,7042230,641430,7042979,342600,7047406,1302463,WGS84-UTM Sone 32,God,Meråker (N),1-50,Trøndelag (N),63.48019822591756,11.839583041631029
K503163,19.06.2019,Sau,Spel,,18.06.2019,19.06.2019,Ja,Hunn,Voksen,1,Dødt,Ulv,Dokumentert,Utmark,1-5034,7040924,343903,7040924,343903,7045333,1303741,WGS84-UTM Sone 33,God,Meråker (N),1-50,Trøndelag (N),63.4623573201741,11.867715320740338
K503164,19.06.2019,Sau,Spel,,18.06.2019,19.06.2019,Ja,Hann,Under 1 år,1,Dødt,Ulv,Dokumentert,Utmark,1-5034,7041068,343817,7041068,343817,7045479,1303657,WGS84-UTM Sone 33,God,Meråker (N),1-50,Trøndelag (N),63.46361000238942,11.86585142237281
K503165,19.06.2019,Sau,Spel,,18.06.2019,19.06.2019,Ja,Hunn,Under 1 år,1,Dødt,Ulv,Dokumentert,Utmark,1-5034,7041007,343852,7041007,343852,7045417,1303691,WGS84-UTM Sone 33,God,Meråker (N),1-50,Trøndelag (N),63.463078727540136,11.866612355310064
K503166,19.06.2019,Sau,Spel,,18.06.2019,19.06.2019,Ja,Hunn,Under 1 år,1,Dødt,Ulv,Antatt sikker,Utmark,1-5034,7041024,343835,7041024,343835,7045434,1303674,WGS84-UTM Sone 33,God,Meråker (N),1-50,Trøndelag (N),63.4632236077909,11.866255153182916
K503167,19.06.2019,Sau,Spel,,18.06.2019,19.06.2019,Ja,Hunn,Voksen,1,Dødt,Ulv,Dokumentert,Utmark,1-5034,7040992,343852,7040992,343852,7045402,1303691,WGS84-UTM Sone 33,God,Meråker (N),1-50,Trøndelag (N),63.462944308409135,11.866627070412486
K503168,19.06.2019,Sau,Spel,,18.06.2019,18.06.2019,Nei,Hunn,Åring,1,Dødt,Ulv,Dokumentert,Utmark,1-5034,7040947,343788,7040947,343788,7045358,1303626,WGS84-UTM Sone 33,God,Meråker (N),1-50,Trøndelag (N),63.462512957546096,11.865389270801964
K503179,20.06.2019,Sau,Spel,,18.06.2019,19.06.2019,Ja,Hunn,Voksen,1,Skadd og avlivet,Ulv,Dokumentert,Utmark,1-5034,7042624,343121,7042624,343121,7047044,1302980,WGS84-UTM Sone 33,God,Meråker (N),1-50,Trøndelag (N),63.47724731097976,11.850375459465043
K503180,20.06.2019,Sau,Spel,,18.06.2019,19.06.2019,Ja,Hann,Under 1 år,1,Skadd og avlivet,Ulv,Dokumentert,Utmark,1-5034,7042625,343125,7042625,343125,7047045,1302984,WGS84-UTM Sone 33,God,Meråker (N),1-50,Trøndelag (N),63.47725803690083,11.850454634279123
K503181,20.06.2019,Sau,Spel,,18.06.2019,19.06.2019,Ja,Hunn,Voksen,1,Skadd og avlivet,Ulv,Antatt sikker,Utmark,1-5034,7042637,343134,7042637,343134,7047057,1302993,WGS84-UTM Sone 33,God,Meråker (N),1-50,Trøndelag (N),63.47736954098459,11.850623158243122
K503182,20.06.2019,Sau,Spel,,18.06.2019,19.06.2019,Ja,Hann,Under 1 år,1,Skadd og avlivet,Ulv,Dokumentert,Utmark,1-5034,7042500,343208,7042500,343208,7046919,1303065,WGS84-UTM Sone 33,God,Meråker (N),1-50,Trøndelag (N),63.47617450467887,11.852241252392021
K503195,20.06.2019,Sau,Spel,,18.06.2019,19.06.2019,Ja,Hunn,Voksen,1,Skadd og avlivet,Ulv,Dokumentert,Utmark,1-5034,7041064,642434,7041724,343491,7046139,1303339,WGS84-UTM Sone 32,God,Meråker (N),1-50,Trøndelag (N),63.46934529406101,11.858676111536067
K503238,21.06.2019,Sau,Spel,,18.06.2019,19.06.2019,Nei,Hann,Under 1 år,1,Skadd og avlivet,Ulv,Dokumentert,Utmark,1-5034,7040623,642657,7041264,343672,7045676,1303514,WGS84-UTM Sone 32,God,Meråker (N),1-50,Trøndelag (N),63.46530272281331,11.862754395742229
K503239,21.06.2019,Sau,Spel,,18.06.2019,19.06.2019,Ja,Ukjent,Under 1 år,1,Dødt,Ulv,Dokumentert,Utmark,1-5034,7045583,645558,7045931,347024,7050303,1306927,WGS84-UTM Sone 32,God,Meråker (N),1-50,Trøndelag (N),63.50858449214393,11.925412272826113
K503244,22.06.2019,Sau,Spel,,17.06.2019,19.06.2019,Ja,Ukjent,Under 1 år,1,Dødt,Ulv,Antatt sikker,Utmark,1-5034,7040688,642579,7041336,343600,7045749,1303443,WGS84-UTM Sone 32,God,Meråker (N),1-50,Trøndelag (N),63.465916284969154,11.861241314555274
K503340,24.06.2019,Sau,Spel,,24.06.2019,24.06.2019,Nei,Hunn,Åring,1,Skadd og avlivet,Ulv,Dokumentert,Utmark,1-5034,7043363,342447,7043363,342447,7047792,1302315,WGS84-UTM Sone 33,God,Meråker (N),1-50,Trøndelag (N),63.483571476292994,11.836135931161404
K503341,24.06.2019,Sau,Spel,,24.06.2019,24.06.2019,Nei,Hunn,Voksen,1,Dødt,Ulv,Dokumentert,Utmark,1-5034,7043575,342312,7043575,342312,7048006,1302182,WGS84-UTM Sone 33,God,Meråker (N),1-50,Trøndelag (N),63.48541133953074,11.833219548937906
K503347,24.06.2019,Sau,Spel,,23.06.2019,24.06.2019,Ja,Ukjent,Under 1 år,1,Skadd og avlivet,Ulv,Dokumentert,Utmark,1-5034,7041430,642197,7042111,343289,7046528,1303142,WGS84-UTM Sone 32,Særs god,Meråker (N),1-50,Trøndelag (N),63.472724323140184,11.85424779856613
K503556,01.07.2019,Sau,Spel,,10.06.2019,24.06.2019,Ja,Ukjent,Under 1 år,1,Skadd og avlivet,Ulv,Antatt sikker,Utmark,1-5034,7038323,640756,7039152,341564,7043590,1301378,WGS84-UTM Sone 32,Mindre god,Meråker (N),1-50,Trøndelag (N),63.44544476799831,11.822628845804145
K504046,21.07.2019,Sau,Spel,,16.07.2019,18.07.2019,Ja,Hunn,Åring,1,Dødt,Ulv,Antatt sikker,Utmark,1-5034,7035066,341303,7035066,341303,7039505,1301066,WGS84-UTM Sone 33,God,Meråker (N),1-50,Trøndelag (N),63.40871424271233,11.821466589021854
K504048,21.07.2019,Sau,Spel,,16.07.2019,18.07.2019,Ja,Hunn,Under 1 år,1,Dødt,Ulv,Dokumentert,Utmark,1-5034,7035063,341260,7035063,341260,7039503,1301023,WGS84-UTM Sone 33,God,Meråker (N),1-50,Trøndelag (N),63.408668222722994,11.820609913813474
K504050,06.07.2019,Sau,Spel,,09.06.2019,25.06.2019,Ja,Ukjent,Under 1 år,1,Skadd og avlivet,Ulv,Antatt sikker,Utmark,1-5034,7033778,638856,7034804,339247,7039269,1299005,WGS84-UTM Sone 32,God,Meråker (N),1-50,Trøndelag (N),63.40544576098449,11.780627998329015
K504051,06.07.2019,Sau,Spel,,09.06.2019,25.06.2019,Ja,Ukjent,Under 1 år,1,Skadd og avlivet,Ulv,Antatt sikker,Utmark,1-5034,7033778,638846,7034805,339237,7039270,1298995,WGS84-UTM Sone 32,God,Meråker (N),1-50,Trøndelag (N),63.405450214558755,11.780427103877471
K504052,06.07.2019,Sau,Spel,,09.06.2019,25.06.2019,Ja,Ukjent,Under 1 år,1,Skadd og avlivet,Ulv,Antatt sikker,Utmark,1-5034,7033783,638861,7034809,339252,7039274,1299011,WGS84-UTM Sone 32,God,Meråker (N),1-50,Trøndelag (N),63.40549281740432,11.78072291613012
K504053,06.07.2019,Sau,Spel,,09.06.2019,25.06.2019,Ja,Ukjent,Under 1 år,1,Skadd og avlivet,Ulv,Antatt sikker,Utmark,1-5034,7033782,638859,7034808,339250,7039273,1299008,WGS84-UTM Sone 32,God,Meråker (N),1-50,Trøndelag (N),63.40548295544575,11.780683943612841
K504054,06.07.2019,Sau,Spel,,09.06.2019,25.06.2019,Ja,Ukjent,Under 1 år,1,Skadd og avlivet,Ulv,Antatt sikker,Utmark,1-5034,7033777,638856,7034803,339247,7039268,1299005,WGS84-UTM Sone 32,God,Meråker (N),1-50,Trøndelag (N),63.40543680038295,11.780629003704382
K504056,06.07.2019,Sau,Spel,,09.06.2019,25.06.2019,Ja,Ukjent,Åring,1,Skadd og avlivet,Ulv,Antatt sikker,Utmark,1-5034,7033786,638871,7034811,339262,7039276,1299021,WGS84-UTM Sone 32,God,Meråker (N),1-50,Trøndelag (N),63.40551524522763,11.7809207949867
K470921,06.08.2016,Sau,Norsk kvit sau,,05.08.2016,06.08.2016,Ja,Hunn,Voksen,1,Dødt,Bjørn,Dokumentert,Utmark,1-5034,7021761,643043,7022448,342292,7026868,1301897,WGS84-UTM Sone 32,Særs god,Meråker (N),1-50,Trøndelag (N),63.29607991637635,11.853633311329231
K469816,07.07.2016,Sau,Norsk kvit sau,,04.07.2016,07.07.2016,Ja,Hunn,Voksen,1,Dødt,Bjørn,Antatt sikker,Utmark,1-5034,7014590,645660,7015063,344228,7019455,1303740,WGS84-UTM Sone 32,Særs god,Meråker (N),1-50,Trøndelag (N),63.23074395473125,11.899304656528466
K470065,14.07.2016,Sau,Norsk kvit sau,,13.07.2016,14.07.2016,Ja,Hunn,Under 1 år,1,Skadd og ikke avlivet,Bjørn,Antatt sikker,Utmark,1-5034,7048272,644106,7048744,345830,7053133,1305768,WGS84-UTM Sone 32,Særs god,Meråker (N),1-50,Trøndelag (N),63.53327675651004,11.89871962366923
K470069,14.07.2016,Sau,Norsk kvit sau,,13.07.2016,14.07.2016,Ja,Hann,Under 1 år,1,Skadd og ikke avlivet,Bjørn,Antatt sikker,Utmark,1-5034,7048341,346620,7048341,346620,7052720,1306553,WGS84-UTM Sone 33,God,Meråker (N),1-50,Trøndelag (N),63.53000772847358,11.914973956254704
K470071,14.07.2016,Sau,Norsk kvit sau,,13.07.2016,14.07.2016,Ja,Hunn,Voksen,1,Skadd og avlivet,Bjørn,Dokumentert,Utmark,1-5034,7048272,644106,7048744,345830,7053133,1305768,WGS84-UTM Sone 32,Særs god,Meråker (N),1-50,Trøndelag (N),63.53327675651004,11.89871962366923
K503786,09.07.2019,Sau,Norsk kvit sau,,10.06.2019,24.06.2019,Ja,Hunn,Voksen,1,Skadd og ikke avlivet,Ulv,Antatt sikker,Utmark,1-5034,7043310,644936,7043726,346192,7048108,1306066,WGS84-UTM Sone 32,God,Meråker (N),1-50,Trøndelag (N),63.48846475418225,11.910856100560778
K503930,14.07.2019,Sau,Norsk kvit sau,,23.06.2019,25.06.2019,Ja,Hunn,Under 1 år,1,Dødt,Ulv,Antatt sikker,Utmark,1-5034,7044784,644791,7045207,346186,7049590,1306079,WGS84-UTM Sone 32,God,Meråker (N),1-50,Trøndelag (N),63.501734293005285,11.909301028944245
K504090,22.07.2019,Sau,Norsk kvit sau,,20.07.2019,20.07.2019,Nei,Hann,Under 1 år,1,Skadd og ikke avlivet,Ulv,Antatt sikker,Utmark,1-5034,7048379,643947,7048866,345682,7053256,1305621,WGS84-UTM Sone 32,God,Meråker (N),1-50,Trøndelag (N),63.53430569261615,11.895628762299582
K503352,24.06.2019,Sau,Norsk kvit sau,,10.06.2019,19.06.2019,Ja,Hunn,Voksen,1,Skadd og ikke avlivet,Ulv,Antatt sikker,Utmark,1-5034,7048872,643266,7049420,345050,7053819,1304996,WGS84-UTM Sone 32,God,Meråker (N),1-50,Trøndelag (N),63.53899472843648,11.88239510678506
K503346,25.06.2019,Sau,Norsk kvit sau,,10.06.2019,19.06.2019,Ja,Hann,Under 1 år,1,Skadd og avlivet,Ulv,Dokumentert,Utmark,1-5034,7048718,643274,7049266,345044,7053665,1304987,WGS84-UTM Sone 32,God,Meråker (N),1-50,Trøndelag (N),63.53761206415861,11.88242541327435
K503241,22.06.2019,Sau,Norsk kvit sau,,10.06.2019,18.06.2019,Ja,Hunn,Voksen,1,Skadd og avlivet,Ulv,Dokumentert,Utmark,1-5034,7046739,646785,7046967,348354,7051323,1308270,WGS84-UTM Sone 32,God,Meråker (N),1-50,Trøndelag (N),63.51843955961915,11.951106693510336
K503242,22.06.2019,Sau,Norsk kvit sau,,10.06.2019,19.06.2019,Ja,Ukjent,Under 1 år,1,Skadd og avlivet,Ulv,Antatt sikker,Utmark,1-5034,7043106,645159,7043502,346395,7047881,1306267,WGS84-UTM Sone 32,Mindre god,Meråker (N),1-50,Trøndelag (N),63.48654514059521,11.915142723813096
K502917,10.06.2019,Sau,Norsk kvit sau,,09.06.2019,09.06.2019,Nei,Hunn,Voksen,1,Dødt,Ulv,Antatt sikker,Utmark,1-5034,7046083,643777,7046595,345298,7050990,1305208,WGS84-UTM Sone 32,God,Meråker (N),1-50,Trøndelag (N),63.5137870963635,11.890135452270822
K502918,10.06.2019,Sau,Norsk kvit sau,,09.06.2019,09.06.2019,Nei,Hunn,Under 1 år,1,Dødt,Ulv,Antatt sikker,Utmark,1-5034,7045965,644446,7046415,345953,7050802,1305861,WGS84-UTM Sone 32,God,Meråker (N),1-50,Trøndelag (N),63.51245885445989,11.903454212128384
K503002,13.06.2019,Sau,Norsk kvit sau,,09.06.2019,10.06.2019,Nei,Hann,Under 1 år,1,Dødt,Ulv,Dokumentert,Utmark,1-5034,7045584,645559,7045932,347025,7050304,1306928,WGS84-UTM Sone 32,God,Meråker (N),1-50,Trøndelag (N),63.5085938846801,11.925431372057858
K503003,13.06.2019,Sau,Norsk kvit sau,,09.06.2019,10.06.2019,Nei,Hunn,Voksen,1,Dødt,Ulv,Dokumentert,Utmark,1-5034,7045663,645582,7046008,347056,7050380,1306959,WGS84-UTM Sone 32,God,Meråker (N),1-50,Trøndelag (N),63.50928832951328,11.925980057780917
K497949,07.07.2018,Sau,Norsk kvit sau,,07.07.2018,07.07.2018,Nei,Hunn,Voksen,1,Dødt,Bjørn,Dokumentert,Utmark,1-5034,7034177,346571,7034177,346571,7038549,1306325,WGS84-UTM Sone 33,God,Meråker (N),1-50,Trøndelag (N),63.40305257824565,11.927647069720555
K498342,24.07.2018,Sau,Norsk kvit sau,,19.07.2018,20.07.2018,Nei,Hunn,Voksen,1,Dødt,Bjørn,Antatt sikker,Utmark,1-5034,7036512,344478,7036512,344478,7040912,1304260,WGS84-UTM Sone 33,God,Meråker (N),1-50,Trøndelag (N),63.42307130716944,11.883536890049774
K479829,30.08.2017,Sau,,,30.08.2017,30.08.2017,Nei,Hunn,Voksen,1,Dødt,Bjørn,Dokumentert,Utmark,1-5034,7042249,644914,7042672,346071,7047055,1305932,WGS84-UTM Sone 32,Særs god,Meråker (N),1-50,Trøndelag (N),63.47896683058873,11.90945108075394
K505368,06.09.2019,Sau,Norsk kvit sau,,02.09.2019,03.09.2019,Nei,Hunn,Voksen,1,Dødt,Ulv,Dokumentert,Utmark,1-5034,7047428,646066,7047720,347703,7052085,1307628,WGS84-UTM Sone 32,God,Meråker (N),1-50,Trøndelag (N),63.52490905627703,11.937316703346177
K505669,17.09.2019,Sau,Norsk kvit sau,,02.09.2019,03.09.2019,Nei,Hunn,Under 1 år,1,Skadd og avlivet,Ulv,Antatt sikker,Utmark,1-5034,7046505,645457,7046858,347010,7051232,1306924,WGS84-UTM Sone 32,God,Meråker (N),1-50,Trøndelag (N),63.51688596126179,11.924236883403173
K505670,17.09.2019,Sau,Norsk kvit sau,,15.07.2019,15.08.2019,Ja,Hunn,Under 1 år,1,Skadd og ikke avlivet,Ulv,Antatt sikker,Utmark,1-5034,7042702,641412,7043451,342627,7047877,1302496,WGS84-UTM Sone 32,God,Meråker (N),1-50,Trøndelag (N),63.4844397805262,11.83965680724472
K505671,17.09.2019,Sau,Norsk kvit sau,,02.09.2019,03.09.2019,Ja,Hann,Under 1 år,1,Skadd og ikke avlivet,Ulv,Antatt sikker,Utmark,1-5034,7048185,645957,7048484,347665,7052850,1307600,WGS84-UTM Sone 32,God,Meråker (N),1-50,Trøndelag (N),63.5317395457443,11.935818879338267
K510855,03.07.2020,Sau,Norsk kvit sau,,27.06.2020,28.06.2020,Ja,Hunn,Åring,1,Dødt,Bjørn,Antatt sikker,Utmark,1-5034,7049190,343729,7049190,343729,7053606,1303671,WGS84-UTM Sone 33,God,Meråker (N),1-50,Trøndelag (N),63.53635400641583,11.856091474475903
K511432,23.07.2020,Sau,Norsk kvit sau,,19.07.2020,22.07.2020,Ja,Ukjent,Under 1 år,1,Dødt,Kongeørn,Dokumentert,Utmark,1-5034,7045412,348802,7045412,348802,7049762,1308699,WGS84-UTM Sone 33,God,Meråker (N),1-50,Trøndelag (N),63.50469476638843,11.961581424413334
K504809,15.08.2019,Sau,Norsk kvit sau,,12.08.2019,13.08.2019,Ja,Ukjent,Under 1 år,1,Dødt,Ulv,Dokumentert,Utmark,1-5034,7057579,343362,7057579,343362,7062004,1303410,WGS84-UTM Sone 33,God,Meråker (N),1-50,Trøndelag (N),63.61136548455194,11.840393696084
K504222,27.07.2019,Sau,Norsk kvit sau,,18.07.2019,23.07.2019,Ja,Ukjent,Under 1 år,1,Dødt,Ulv,Antatt sikker,Utmark,1-5034,7056844,641488,7057524,344027,7061940,1304074,WGS84-UTM Sone 32,God,Meråker (N),1-50,Trøndelag (N),63.61116667588829,11.853837851601051
K504812,15.08.2019,Sau,Spel,,12.08.2019,13.08.2019,Ja,Ukjent,Under 1 år,1,Dødt,Ulv,Antatt sikker,Utmark,1-5034,7056647,642771,7057208,345286,7061608,1305329,WGS84-UTM Sone 32,God,Meråker (N),1-50,Trøndelag (N),63.60888820656545,11.879498681899449
K480460,21.09.2017,Sau,Spel,,20.08.2017,10.09.2017,Ja,Ukjent,Under 1 år,1,Dødt,Jerv,Dokumentert,Utmark,1-5034,7055385,637256,7056468,339676,7060938,1299708,WGS84-UTM Sone 32,Meget god,Meråker (N),1-50,Trøndelag (N),63.59975821572074,11.767314174586737
K499594,06.09.2018,Sau,Spel,,01.09.2018,05.09.2018,Ja,Hunn,Under 1 år,1,Dødt,Jerv,Dokumentert,Utmark,1-5034,7055323,638157,7056322,340567,7060781,1300598,WGS84-UTM Sone 32,God,Meråker (N),1-50,Trøndelag (N),63.598852772975434,11.785393567475065
K499714,06.09.2018,Sau,Spel,,01.09.2018,05.09.2018,Ja,Hunn,Under 1 år,1,Dødt,Jerv,Dokumentert,Utmark,1-5034,7056402,339273,7056402,339273,7060878,1299304,WGS84-UTM Sone 33,God,Meråker (N),1-50,Trøndelag (N),63.59898393439242,11.759271259752335
K499742,07.09.2018,Sau,Spel,,02.09.2018,07.09.2018,Ja,Hann,Under 1 år,1,Skadd og avlivet,Jerv,Antatt sikker,Utmark,1-5034,7055448,636916,7056562,339344,7061037,1299376,WGS84-UTM Sone 32,God,Meråker (N),1-50,Trøndelag (N),63.60044982045079,11.760536841750351
K478521,25.07.2017,Sau,Spel,,23.07.2017,24.07.2017,Ja,Ukjent,Under 1 år,1,Dødt,Kongeørn,Dokumentert,Utmark,1-5034,7057864,640069,7058673,342709,7063106,1302770,WGS84-UTM Sone 32,Særs god,Meråker (N),1-50,Trøndelag (N),63.620878580467256,11.826151817386199
K504110,23.07.2019,Sau,Spel,,18.07.2019,20.07.2019,Ja,Hunn,Under 1 år,1,Dødt,Ulv,Usikker,Utmark,1-5034,7058982,342757,7058982,342757,7063415,1302822,WGS84-UTM Sone 33,God,Meråker (N),1-50,Trøndelag (N),63.62366881055783,11.826809478035837
K470434,27.07.2016,Sau,Norsk kvit sau,,23.07.2016,24.07.2016,Ja,Hunn,Åring,1,Dødt,Bjørn,Dokumentert,Utmark,1-5034,7026760,632641,7028397,332402,7032945,1292076,WGS84-UTM Sone 32,God,Meråker (N),1-50,Trøndelag (N),63.34489220916238,11.650519592104574
K470651,29.07.2016,Sau,Norsk kvit sau,,20.07.2016,24.07.2016,Ja,Hunn,Voksen,1,Dødt,Bjørn,Dokumentert,Utmark,1-5034,7027469,633004,7029069,332830,7033612,1292513,WGS84-UTM Sone 32,God,Meråker (N),1-50,Trøndelag (N),63.35111336955253,11.658356381738958
K470653,29.07.2016,Sau,Norsk kvit sau,,20.07.2016,24.07.2016,Ja,Ukjent,Under 1 år,1,Dødt,Bjørn,Antatt sikker,Utmark,1-5034,7027365,633053,7028961,332869,7033504,1292550,WGS84-UTM Sone 32,Meget god,Meråker (N),1-50,Trøndelag (N),63.350163967712845,11.659246786306504
K471018,04.08.2016,Sau,Norsk kvit sau,,22.07.2016,30.07.2016,Ja,Hunn,Voksen,1,Dødt,Bjørn,Antatt sikker,Utmark,1-5034,7027811,633306,7029382,333162,7033921,1292849,WGS84-UTM Sone 32,Meget god,Meråker (N),1-50,Trøndelag (N),63.35407281304053,11.664654159336807
K471019,10.08.2016,Sau,Spel,,15.07.2016,25.07.2016,Ja,Hann,Under 1 år,1,Skadd og avlivet,Bjørn,Antatt sikker,Utmark,1-5034,7027778,634198,7029265,334048,7033793,1293734,WGS84-UTM Sone 32,God,Meråker (N),1-50,Trøndelag (N),63.35343691986993,11.682451896463212
K471492,23.08.2016,Sau,Spel,,23.08.2016,23.08.2016,Nei,Hunn,Voksen,1,Dødt,Bjørn,Dokumentert,Utmark,1-5034,7026238,635957,7027568,335655,7032074,1295320,WGS84-UTM Sone 32,Meget god,Meråker (N),1-50,Trøndelag (N),63.33897402330313,11.716250025435448
K471493,17.08.2016,Sau,Spel,,02.08.2016,05.08.2016,Ja,Hunn,Voksen,1,Dødt,Bjørn,Antatt sikker,Utmark,1-5034,7028428,638871,7029476,338761,7033944,1298452,WGS84-UTM Sone 32,Meget god,Meråker (N),1-50,Trøndelag (N),63.35748447920783,11.77627617848026
K471494,17.08.2016,Sau,Spel,,09.08.2016,10.08.2016,Ja,Hunn,Voksen,1,Dødt,Bjørn,Dokumentert,Utmark,1-5034,7028239,639038,7029272,338910,7033738,1298598,WGS84-UTM Sone 32,Meget god,Meråker (N),1-50,Trøndelag (N),63.35572369077962,11.77945429907707
K470432,26.07.2016,Sau,Spel,,23.07.2016,24.07.2016,Ja,Hunn,Voksen,1,Dødt,Bjørn,Dokumentert,Utmark,1-5034,7028306,637370,7029495,337255,7033982,1296946,WGS84-UTM Sone 32,God,Meråker (N),1-50,Trøndelag (N),63.35697219167973,11.746204722879925
K470689,01.08.2016,Sau,Spel,,29.07.2016,30.07.2016,Nei,Hunn,Voksen,1,Dødt,Bjørn,Dokumentert,Utmark,1-5034,7026038,634782,7027478,334466,7032000,1294130,WGS84-UTM Sone 32,Meget god,Meråker (N),1-50,Trøndelag (N),63.33761940330365,11.692632780289353
K470729,02.08.2016,Sau,Spel,,15.07.2016,24.07.2016,Ja,Hunn,Under 1 år,1,Skadd og avlivet,Ukjent fredet rovvilt,Antatt sikker,Utmark,1-5034,7026792,633530,7028346,333290,7032883,1292964,WGS84-UTM Sone 32,God,Meråker (N),1-50,Trøndelag (N),63.34485031833006,11.66828330993245
K470923,07.08.2016,Sau,Norsk kvit sau,,02.08.2016,04.08.2016,Ja,Hunn,Voksen,1,Dødt,Bjørn,Dokumentert,Utmark,1-5034,7024730,640763,7025617,340300,7030064,1299943,WGS84-UTM Sone 32,Særs god,Meråker (N),1-50,Trøndelag (N),63.32359520495546,11.810823446017606
K470925,05.08.2016,Sau,Norsk kvit sau,,02.08.2016,04.08.2016,Ja,Hunn,Voksen,1,Dødt,Bjørn,Dokumentert,Utmark,1-5034,7015587,640040,7016581,338725,7021043,1298254,WGS84-UTM Sone 32,Særs god,Meråker (N),1-50,Trøndelag (N),63.24191939758544,11.788457090246233
K470928,07.08.2016,Sau,Spel,,01.08.2016,04.08.2016,Ja,Hunn,Voksen,1,Dødt,Bjørn,Dokumentert,Utmark,1-5034,7023258,638012,7024408,337423,7028891,1297049,WGS84-UTM Sone 32,Særs god,Meråker (N),1-50,Trøndelag (N),63.3114668880593,11.754700713807544
K470929,07.08.2016,Sau,Spel,,01.08.2016,04.08.2016,Ja,Hann,Under 1 år,1,Dødt,Bjørn,Dokumentert,Utmark,1-5034,7023258,638085,7024401,337495,7028883,1297122,WGS84-UTM Sone 32,Særs god,Meråker (N),1-50,Trøndelag (N),63.311436841481395,11.756142250758451
K470930,07.08.2016,Sau,Spel,,01.08.2016,04.08.2016,Ja,Hunn,Voksen,1,Dødt,Bjørn,Dokumentert,Utmark,1-5034,7023361,638197,7024494,337617,7028974,1297244,WGS84-UTM Sone 32,Særs god,Meråker (N),1-50,Trøndelag (N),63.31232550648495,11.75847913275136
K470128,15.07.2016,Sau,Spel,,14.07.2016,14.07.2016,Nei,Hunn,Voksen,1,Dødt,Bjørn,Dokumentert,Utmark,1-5034,7028009,635052,7029416,334920,7033932,1294608,WGS84-UTM Sone 32,God,Meråker (N),1-50,Trøndelag (N),63.355193602900144,11.699694021396514
K470210,18.07.2016,Sau,,,16.07.2016,17.07.2016,Ja,Hann,Åring,1,Dødt,Bjørn,Dokumentert,Utmark,1-5034,7026301,634923,7027727,334631,7032246,1294298,WGS84-UTM Sone 32,God,Meråker (N),1-50,Trøndelag (N),63.33992673722114,11.695666719664738
K470213,18.07.2016,Sau,Spel,,17.07.2016,18.07.2016,Ja,Hunn,Voksen,1,Dødt,Ulv,Antatt sikker,Utmark,1-5034,7026200,637203,7027413,336892,7031904,1296556,WGS84-UTM Sone 32,Særs god,Meråker (N),1-50,Trøndelag (N),63.338151353242324,11.741075492868065
K470214,18.07.2016,Sau,Spel,,17.07.2016,18.07.2016,Ja,Ukjent,Under 1 år,1,Dødt,Ulv,Antatt sikker,Utmark,1-5034,7026200,637203,7027413,336892,7031904,1296556,WGS84-UTM Sone 32,Særs god,Meråker (N),1-50,Trøndelag (N),63.338151353242324,11.741075492868065
K470215,18.07.2016,Sau,Spel,,17.07.2016,18.07.2016,Nei,Ukjent,Under 1 år,1,Dødt,Ulv,Antatt sikker,Utmark,1-5034,7026200,637203,7027413,336892,7031904,1296556,WGS84-UTM Sone 32,Særs god,Meråker (N),1-50,Trøndelag (N),63.338151353242324,11.741075492868065
K470270,19.07.2016,Sau,Spel,,16.07.2016,18.07.2016,Ja,Hunn,Voksen,1,Skadd og avlivet,Ulv,Antatt sikker,Utmark,1-5034,7026079,636890,7027322,336569,7031817,1296232,WGS84-UTM Sone 32,Særs god,Meråker (N),1-50,Trøndelag (N),63.33718854884264,11.73472697186752
K469989,10.07.2016,Sau,Spel,,07.07.2016,09.07.2016,Nei,Hunn,Under 1 år,1,Dødt,Bjørn,Dokumentert,Utmark,1-5034,7018189,630486,7020064,329455,7024645,1289023,WGS84-UTM Sone 32,God,Meråker (N),1-50,Trøndelag (N),63.26884321179905,11.600566170709891
K469789,07.07.2016,Sau,Spel,,06.07.2016,06.07.2016,Nei,Hunn,Åring,1,Dødt,Bjørn,Dokumentert,Utmark,1-5034,7022207,631878,7023935,331217,7028496,1290834,WGS84-UTM Sone 32,God,Meråker (N),1-50,Trøndelag (N),63.30435833951495,11.631566327374696
K469790,07.07.2016,Sau,Spel,,06.07.2016,06.07.2016,Nei,Hann,Under 1 år,1,Skadd og avlivet,Bjørn,Dokumentert,Utmark,1-5034,7022643,631616,7024394,330997,7028957,1290620,WGS84-UTM Sone 32,God,Meråker (N),1-50,Trøndelag (N),63.308366963530105,11.626703466072858
K478539,27.07.2017,Sau,,,26.07.2017,26.07.2017,Nei,Hunn,Åring,1,Dødt,Bjørn,Dokumentert,Utmark,1-5034,7028936,636425,7030210,336373,7034709,1296072,WGS84-UTM Sone 32,Meget god,Meråker (N),1-50,Trøndelag (N),63.362976060989375,11.72787600240705
K478540,26.07.2017,Sau,Spel,,26.07.2017,26.07.2017,Nei,Hunn,Voksen,1,Dødt,Bjørn,Dokumentert,Utmark,1-5034,7024790,639690,7025777,339237,7030237,1298881,WGS84-UTM Sone 32,Meget god,Meråker (N),1-50,Trøndelag (N),63.32455309870255,11.789475517448189
K478515,18.07.2017,Sau,Spel,,15.07.2017,16.07.2017,Ja,Ukjent,Under 1 år,1,Dødt,Bjørn,Antatt sikker,Utmark,1-5034,7028710,637676,7029868,337598,7034352,1297293,WGS84-UTM Sone 32,Særs god,Meråker (N),1-50,Trøndelag (N),63.36047043472263,11.752671708923792
K478516,18.07.2017,Sau,Spel,,15.07.2017,16.07.2017,Ja,Ukjent,Under 1 år,1,Dødt,Bjørn,Antatt sikker,Utmark,1-5034,7028741,637728,7029894,337653,7034377,1297348,WGS84-UTM Sone 32,Særs god,Meråker (N),1-50,Trøndelag (N),63.360728394666324,11.753743044768962
K478518,24.07.2017,Sau,Spel,,15.07.2017,19.07.2017,Ja,Ukjent,Under 1 år,1,Dødt,Ukjent fredet rovvilt,Antatt sikker,Utmark,1-5034,7027742,635681,7029091,335521,7033600,1295205,WGS84-UTM Sone 32,Meget god,Meråker (N),1-50,Trøndelag (N),63.35255862748301,11.712018515760827
K478519,24.07.2017,Sau,Spel,,18.07.2017,20.07.2017,Ja,Ukjent,Under 1 år,1,Dødt,Bjørn,Dokumentert,Utmark,1-5034,7029823,635807,7031151,335841,7035657,1295552,WGS84-UTM Sone 32,Særs god,Meråker (N),1-50,Trøndelag (N),63.37116350254182,11.716295071621877
K478262,15.07.2017,Sau,Spel,,15.07.2017,15.07.2017,Nei,Hann,Under 1 år,1,Dødt,Bjørn,Antatt sikker,Utmark,1-5034,7029700,637880,7030835,337894,7035315,1297601,WGS84-UTM Sone 32,God,Meråker (N),1-50,Trøndelag (N),63.36926958032247,11.757601772546538
K478264,16.07.2017,Sau,Spel,,15.07.2017,16.07.2017,Nei,Hunn,Voksen,1,Skadd og avlivet,Bjørn,Dokumentert,Utmark,1-5034,7030478,638713,7031532,338796,7036001,1298513,WGS84-UTM Sone 32,Særs god,Meråker (N),1-50,Trøndelag (N),63.37592327897415,11.774908050530064
K478265,16.07.2017,Sau,Spel,,15.07.2017,16.07.2017,Nei,Hunn,Voksen,1,Dødt,Bjørn,Dokumentert,Utmark,1-5034,7030097,637717,7031246,337768,7035727,1297481,WGS84-UTM Sone 32,Særs god,Meråker (N),1-50,Trøndelag (N),63.37289511509577,11.754670513080178
K478267,16.07.2017,Sau,Spel,,15.07.2017,16.07.2017,Nei,Hunn,Voksen,1,Dødt,Bjørn,Dokumentert,Utmark,1-5034,7028771,637643,7029932,337571,7034416,1297267,WGS84-UTM Sone 32,Særs god,Meråker (N),1-50,Trøndelag (N),63.36103163028643,11.752068079758947
K478453,19.07.2017,Sau,Spel,,15.07.2017,18.07.2017,Ja,Ukjent,Under 1 år,1,Dødt,Bjørn,Antatt sikker,Utmark,1-5034,7029823,635807,7031151,335841,7035657,1295552,WGS84-UTM Sone 32,Særs god,Meråker (N),1-50,Trøndelag (N),63.37116350254182,11.716295071621877
K478455,19.07.2017,Sau,Spel,,18.07.2017,18.07.2017,Nei,Hunn,Voksen,1,Dødt,Bjørn,Dokumentert,Utmark,1-5034,7028004,635658,7029354,335522,7033863,1295210,WGS84-UTM Sone 32,Særs god,Meråker (N),1-50,Trøndelag (N),63.35491558221806,11.71176902149628
K478456,19.07.2017,Sau,Spel,,18.07.2017,18.07.2017,Nei,Hunn,Voksen,1,Dødt,Bjørn,Dokumentert,Utmark,1-5034,7027534,635799,7028873,335619,7033380,1295301,WGS84-UTM Sone 32,Særs god,Meråker (N),1-50,Trøndelag (N),63.35065040429713,11.714196873179676
K478458,19.07.2017,Sau,Spel,,18.07.2017,18.07.2017,Nei,Hunn,Voksen,1,Dødt,Bjørn,Dokumentert,Utmark,1-5034,7028035,635711,7029380,335578,7033888,1295266,WGS84-UTM Sone 32,Særs god,Meråker (N),1-50,Trøndelag (N),63.35517430607365,11.712859728781618
K478460,19.07.2017,Sau,Spel,,18.07.2017,18.07.2017,Nei,Hunn,Voksen,1,Dødt,Bjørn,Dokumentert,Utmark,1-5034,7027824,635900,7029152,335747,7033658,1295432,WGS84-UTM Sone 32,Særs god,Meråker (N),1-50,Trøndelag (N),63.353209098908096,11.71646501345087
K479521,19.08.2017,Sau,Spel,,01.08.2017,15.08.2017,Ja,Hann,Under 1 år,1,Dødt,Bjørn,Antatt sikker,Utmark,1-5034,7021462,647606,7021724,346808,7026087,1306405,WGS84-UTM Sone 32,Særs god,Meråker (N),1-50,Trøndelag (N),63.29155029430393,11.944261945268728
K479522,20.08.2017,Sau,Norsk kvit sau,,20.08.2017,20.08.2017,Nei,Hunn,Voksen,1,Dødt,Bjørn,Dokumentert,Utmark,1-5034,7028082,638296,7029185,338156,7033661,1297843,WGS84-UTM Sone 32,Særs god,Meråker (N),1-50,Trøndelag (N),63.35460353541629,11.764496635403123
K479214,17.08.2017,Sau,Spel,,16.08.2017,16.08.2017,Nei,Hunn,Åring,1,Dødt,Bjørn,Dokumentert,Utmark,1-5034,7027045,635562,7028408,335337,7032919,1295013,WGS84-UTM Sone 32,Meget god,Meråker (N),1-50,Trøndelag (N),63.34635422465515,11.709047864863084
K479355,18.08.2017,Sau,Spel,,16.08.2017,17.08.2017,Ja,Hunn,Voksen,1,Dødt,Bjørn,Dokumentert,Utmark,1-5034,7025897,636233,7027202,335898,7031706,1295559,WGS84-UTM Sone 32,Meget god,Meråker (N),1-50,Trøndelag (N),63.33580616338714,11.721469465572564
K479356,18.08.2017,Sau,Spel,,16.08.2017,17.08.2017,Ja,Hunn,Voksen,1,Dødt,Bjørn,Dokumentert,Utmark,1-5034,7025786,636237,7027091,335892,7031595,1295551,WGS84-UTM Sone 32,Meget god,Meråker (N),1-50,Trøndelag (N),63.33480883297616,11.721463130183947
K478681,30.07.2017,Sau,Spel,,28.07.2017,29.07.2017,Ja,Hunn,Voksen,1,Dødt,Bjørn,Dokumentert,Utmark,1-5034,7026379,640988,7027238,340678,7031681,1300341,WGS84-UTM Sone 32,Meget god,Meråker (N),1-50,Trøndelag (N),63.33828946258586,11.816752229953444
K478735,01.08.2017,Sau,Spel,,01.08.2017,01.08.2017,Nei,Hunn,Voksen,1,Dødt,Bjørn,Dokumentert,Utmark,1-5034,7027926,638526,7029008,338371,7033481,1298056,WGS84-UTM Sone 32,Meget god,Meråker (N),1-50,Trøndelag (N),63.353114791781955,11.768964806530002
K478464,24.07.2017,Sau,Spel,,18.07.2017,19.07.2017,Ja,Hunn,Voksen,1,Dødt,Bjørn,Dokumentert,Utmark,1-5034,7028116,635827,7029450,335701,7033957,1295390,WGS84-UTM Sone 32,Meget god,Meråker (N),1-50,Trøndelag (N),63.35585806671057,11.715242262330236
K479019,31.07.2017,Sau,Norsk kvit sau,,30.07.2017,31.07.2017,Nei,Hunn,Voksen,1,Dødt,Bjørn,Dokumentert,Utmark,1-5034,7026500,640443,7027409,340146,7031859,1299812,WGS84-UTM Sone 32,Særs god,Meråker (N),1-50,Trøndelag (N),63.339584442079556,11.805972585273441
K472267,06.09.2016,Sau,Spel,,27.08.2016,28.08.2016,Nei,Hunn,Voksen,1,Dødt,Bjørn,Dokumentert,Utmark,1-5034,7026190,636082,7027508,335775,7032013,1295440,WGS84-UTM Sone 32,Særs god,Meråker (N),1-50,Trøndelag (N),63.33849152651367,11.718704313833669
K471657,28.08.2016,Sau,Norsk kvit sau,,10.08.2016,25.08.2016,Ja,Hann,Under 1 år,1,Skadd og avlivet,Bjørn,Antatt sikker,Utmark,1-5034,7021952,336577,7021952,336577,7026444,1296172,WGS84-UTM Sone 33,God,Meråker (N),1-50,Trøndelag (N),63.28907519222137,11.740335501805163
K471658,28.08.2016,Sau,Norsk kvit sau,,10.08.2016,24.08.2016,Ja,Ukjent,Under 1 år,1,Skadd og ikke avlivet,Bjørn,Antatt sikker,Utmark,1-5034,7020957,336569,7020957,336569,7025449,1296152,WGS84-UTM Sone 33,God,Meråker (N),1-50,Trøndelag (N),63.280155946448886,11.741183683090748
K471204,12.08.2016,Sau,Spel,,11.08.2016,12.08.2016,Ja,Hunn,Voksen,1,Dødt,Bjørn,Dokumentert,Utmark,1-5034,7025355,641610,7026160,341201,7030596,1300852,WGS84-UTM Sone 32,Meget god,Meråker (N),1-50,Trøndelag (N),63.32886194519971,11.828247142585226
K478192,15.07.2017,Sau,Spel,,15.07.2017,15.07.2017,Nei,Hunn,Voksen,1,Dødt,Bjørn,Dokumentert,Utmark,1-5034,7029748,637887,7030882,337905,7035362,1297613,WGS84-UTM Sone 32,Særs god,Meråker (N),1-50,Trøndelag (N),63.3696957125288,11.75777385606298
K478193,15.07.2017,Sau,Spel,,15.07.2017,15.07.2017,Nei,Hunn,Voksen,1,Dødt,Bjørn,Dokumentert,Utmark,1-5034,7029692,637840,7030831,337853,7035311,1297561,WGS84-UTM Sone 32,Særs god,Meråker (N),1-50,Trøndelag (N),63.369215131767625,11.756787322213835
K498650,06.08.2018,Sau,Spel,,06.08.2018,06.08.2018,Nei,Hunn,Voksen,1,Dødt,Bjørn,Dokumentert,Utmark,1-5034,7026900,341971,7026900,341971,7031327,1301631,WGS84-UTM Sone 33,God,Meråker (N),1-50,Trøndelag (N),63.335834113777175,11.842871388633178
K499264,14.08.2018,Sau,Spel,,31.07.2018,03.08.2018,Ja,Hunn,Voksen,1,Dødt,Bjørn,Antatt sikker,Utmark,1-5034,7024003,331186,7024003,331186,7028564,1290804,WGS84-UTM Sone 33,God,Meråker (N),1-50,Trøndelag (N),63.30495297130711,11.630877708008892
K498537,02.08.2018,Sau,Spel,,02.08.2018,02.08.2018,Nei,Hunn,Voksen,1,Dødt,Bjørn,Dokumentert,Utmark,1-5034,7025745,338291,7025745,338291,7030217,1297935,WGS84-UTM Sone 33,God,Meråker (N),1-50,Trøndelag (N),63.32384022850802,11.770651406555173
K498357,25.07.2018,Sau,Spel,,25.07.2018,25.07.2018,Nei,Hunn,Åring,1,Dødt,Bjørn,Dokumentert,Utmark,1-5034,7028060,340839,7028060,340839,7032502,1300513,WGS84-UTM Sone 33,God,Meråker (N),1-50,Trøndelag (N),63.34572709274864,11.819148874573594
K497952,08.07.2018,Sau,Spel,,02.07.2018,03.07.2018,Ja,Hunn,Åring,1,Dødt,Bjørn,Dokumentert,Utmark,1-5034,7031824,338213,7031824,338213,7036300,1297933,WGS84-UTM Sone 33,God,Meråker (N),1-50,Trøndelag (N),63.37827611493674,11.762971869451853
K497970,08.07.2018,Sau,Spel,,08.07.2018,08.07.2018,Nei,Hunn,Voksen,1,Skadd og avlivet,Bjørn,Dokumentert,Utmark,1-5034,7031389,340323,7031389,340323,7035839,1300039,WGS84-UTM Sone 33,God,Meråker (N),1-50,Trøndelag (N),63.37532787148132,11.805542898591513
K498772,11.08.2018,Sau,Spel,,05.08.2018,07.08.2018,Ja,Ukjent,Under 1 år,1,Dødt,Bjørn,Antatt sikker,Utmark,1-5034,7026955,341752,7026955,341752,7031384,1301413,WGS84-UTM Sone 33,God,Meråker (N),1-50,Trøndelag (N),63.33623017616911,11.838450011638107
K498773,11.08.2018,Sau,Spel,,05.08.2018,07.08.2018,Ja,Ukjent,Under 1 år,1,Dødt,Bjørn,Dokumentert,Utmark,1-5034,7026939,341770,7026939,341770,7031368,1301431,WGS84-UTM Sone 33,God,Meråker (N),1-50,Trøndelag (N),63.33609475866658,11.838824715581776
K498774,12.08.2018,Sau,Spel,,04.08.2018,06.08.2018,Ja,Hunn,Voksen,1,Dødt,Bjørn,Dokumentert,Utmark,1-5034,7027763,341136,7027763,341136,7032201,1300807,WGS84-UTM Sone 33,God,Meråker (N),1-50,Trøndelag (N),63.34319771916023,11.825367203933169
K498648,06.08.2018,Sau,Spel,,06.08.2018,06.08.2018,Nei,Hunn,Voksen,1,Dødt,Bjørn,Dokumentert,Utmark,1-5034,7026945,342020,7026945,342020,7031371,1301681,WGS84-UTM Sone 33,God,Meråker (N),1-50,Trøndelag (N),63.33625901046308,11.843804316721844
K479959,05.09.2017,Sau,Spel,,02.09.2017,05.09.2017,Ja,Ukjent,Under 1 år,1,Dødt,Ukjent fredet rovvilt,Dokumentert,Utmark,1-5034,7019430,647391,7019720,346404,7024088,1305976,WGS84-UTM Sone 32,Særs god,Meråker (N),1-50,Trøndelag (N),63.27341735344571,11.938123772154553
K479835,31.08.2017,Sau,Spel,,01.08.2017,30.08.2017,Ja,Hunn,Under 1 år,1,Skadd og avlivet,Bjørn,Antatt sikker,Utmark,1-5034,7029355,337753,7029355,337753,7033836,1297442,WGS84-UTM Sone 33,God,Meråker (N),1-50,Trøndelag (N),63.35594412895016,11.756283698174546
K471211,14.08.2016,Sau,Spel,,15.07.2016,05.08.2016,Ja,Hunn,Voksen,1,Dødt,Bjørn,Dokumentert,Utmark,1-5034,7025333,633161,7026928,332786,7031470,1292442,WGS84-UTM Sone 32,Særs god,Meråker (N),1-50,Trøndelag (N),63.33191031540132,11.659706443417882
K479578,24.08.2017,Sau,Spel,,20.08.2017,22.08.2017,Ja,Hunn,Under 1 år,1,Dødt,Bjørn,Dokumentert,Utmark,1-5034,7023590,638084,7024732,337526,7029214,1297156,WGS84-UTM Sone 32,Meget god,Meråker (N),1-50,Trøndelag (N),63.31441683382681,11.756425956922042
K479579,23.08.2017,Sau,Spel,,22.08.2017,22.08.2017,Nei,Hunn,Voksen,1,Dødt,Bjørn,Dokumentert,Utmark,1-5034,7024502,637512,7025694,337041,7030182,1296684,WGS84-UTM Sone 32,Meget god,Meråker (N),1-50,Trøndelag (N),63.322816365883526,11.745788475280708
K479658,27.08.2017,Sau,Spel,,25.08.2017,26.08.2017,Ja,Hunn,Åring,1,Skadd og avlivet,Bjørn,Dokumentert,Utmark,1-5034,7029794,637042,7031007,337068,7035497,1296777,WGS84-UTM Sone 32,Meget god,Meråker (N),1-50,Trøndelag (N),63.370434987942495,11.740937541798022
K479659,27.08.2017,Sau,Spel,,21.08.2017,22.08.2017,Ja,Hunn,Ukjent,1,Dødt,Bjørn,Dokumentert,Utmark,1-5034,7024345,638495,7025445,338005,7029921,1297645,WGS84-UTM Sone 32,Meget god,Meråker (N),1-50,Trøndelag (N),63.32102273864167,11.765252826915372
K479661,27.08.2017,Sau,Norsk kvit sau,,24.08.2017,25.08.2017,Ja,Hunn,Voksen,1,Dødt,Bjørn,Dokumentert,Utmark,1-5034,7029859,637873,7030994,337901,7035474,1297611,WGS84-UTM Sone 32,Særs god,Meråker (N),1-50,Trøndelag (N),63.37069746715115,11.757580770157835
K497600,27.06.2018,Sau,Spel,,26.06.2018,26.06.2018,Nei,Hunn,Voksen,1,Dødt,Bjørn,Dokumentert,Utmark,1-5034,7028889,340760,7028889,340760,7033332,1300445,WGS84-UTM Sone 33,God,Meråker (N),1-50,Trøndelag (N),63.3531205857172,11.816750968617447
K497646,27.06.2018,Sau,Spel,,18.06.2018,24.06.2018,Ja,Hunn,Voksen,1,Dødt,Bjørn,Dokumentert,Utmark,1-5034,7028352,338306,7028352,338306,7032826,1297983,WGS84-UTM Sone 33,God,Meråker (N),1-50,Trøndelag (N),63.34720727092524,11.768328425901135
K497260,18.06.2018,Sau,Spel,,12.06.2018,15.06.2018,Ja,Hunn,Voksen,1,Dødt,Bjørn,Dokumentert,Utmark,1-5034,7026404,337385,7026404,337385,7030888,1297037,WGS84-UTM Sone 33,God,Meråker (N),1-50,Trøndelag (N),63.329334723031046,11.751927133417245
K497263,18.06.2018,Sau,Spel,,10.06.2018,14.06.2018,Ja,Hann,Under 1 år,1,Dødt,Bjørn,Antatt sikker,Utmark,1-5034,7027634,337738,7027634,337738,7032114,1297405,WGS84-UTM Sone 33,God,Meråker (N),1-50,Trøndelag (N),63.340516361728106,11.757723068115613
K497366,20.06.2018,Sau,Spel,,12.06.2018,15.06.2018,Ja,Hunn,Åring,1,Dødt,Bjørn,Dokumentert,Utmark,1-5034,7025322,636913,7026566,336521,7031061,1296175,WGS84-UTM Sone 32,God,Meråker (N),1-50,Trøndelag (N),63.33039264546341,11.734538446400716
K496848,05.06.2018,Sau,Spel,,04.06.2018,04.06.2018,Nei,Hunn,Åring,1,Dødt,Bjørn,Dokumentert,Utmark,1-5034,7026809,637552,7027987,337297,7032473,1296968,WGS84-UTM Sone 32,God,Meråker (N),1-50,Trøndelag (N),63.34347905767836,11.748570685984111
K497001,12.06.2018,Sau,Spel,,12.06.2018,12.06.2018,Nei,Hunn,Voksen,1,Skadd og avlivet,Bjørn,Dokumentert,Utmark,1-5034,7030197,335978,7030197,335978,7034701,1295677,WGS84-UTM Sone 33,God,Meråker (N),1-50,Trøndelag (N),63.362678492191556,11.720005798390597
K497072,13.06.2018,Sau,Spel,,12.06.2018,13.06.2018,Ja,Hunn,Voksen,1,Skadd og avlivet,Bjørn,Dokumentert,Utmark,1-5034,7032003,335861,7032003,335861,7036509,1295582,WGS84-UTM Sone 33,God,Meråker (N),1-50,Trøndelag (N),63.37880667089007,11.71582181704817
K497115,13.06.2018,Sau,Spel,,10.06.2018,12.06.2018,Nei,Hunn,Under 1 år,1,Dødt,Bjørn,Dokumentert,Utmark,1-5034,7029732,336081,7029732,336081,7034234,1295774,WGS84-UTM Sone 33,God,Meråker (N),1-50,Trøndelag (N),63.3585592888716,11.722536508991755
K497116,13.06.2018,Sau,Spel,,12.06.2018,13.06.2018,Ja,Hann,Under 1 år,1,Dødt,Bjørn,Dokumentert,Utmark,1-5034,7028361,636188,7029660,336084,7034162,1295776,WGS84-UTM Sone 32,God,Meråker (N),1-50,Trøndelag (N),63.35791553420496,11.722669912947401
K497169,15.06.2018,Sau,Spel,,12.06.2018,14.06.2018,Ja,Ukjent,Under 1 år,1,Dødt,Bjørn,Dokumentert,Utmark,1-5034,7027099,336244,7027099,336244,7031598,1295904,WGS84-UTM Sone 33,God,Meråker (N),1-50,Trøndelag (N),63.33504179878006,11.728473453937971
K497170,15.06.2018,Sau,Spel,,12.06.2018,14.06.2018,Ja,Hunn,Voksen,1,Dødt,Bjørn,Dokumentert,Utmark,1-5034,7027099,336244,7027099,336244,7031598,1295904,WGS84-UTM Sone 33,God,Meråker (N),1-50,Trøndelag (N),63.33504179878006,11.728473453937971
K497173,15.06.2018,Sau,Spel,,12.06.2018,13.06.2018,Nei,Hunn,Voksen,1,Dødt,Bjørn,Dokumentert,Utmark,1-5034,7025725,636482,7027008,336130,7031508,1295788,WGS84-UTM Sone 32,God,Meråker (N),1-50,Trøndelag (N),63.334174223395515,11.726293157310868
K497194,16.06.2018,Sau,Spel,,15.06.2018,16.06.2018,Ja,Ukjent,Under 1 år,1,Dødt,Bjørn,Dokumentert,Utmark,1-5034,7028305,334838,7028305,334838,7032822,1294512,WGS84-UTM Sone 33,God,Meråker (N),1-50,Trøndelag (N),63.345201231248204,11.69920056668287
K497195,16.06.2018,Sau,Spel,,15.06.2018,16.06.2018,Ja,Hunn,Voksen,1,Dødt,Bjørn,Dokumentert,Utmark,1-5034,7028271,334795,7028271,334795,7032789,1294469,WGS84-UTM Sone 33,God,Meråker (N),1-50,Trøndelag (N),63.34487673160918,11.698377875674446
K497196,16.06.2018,Sau,Spel,,15.06.2018,16.06.2018,Ja,Hunn,Voksen,1,Skadd og avlivet,Bjørn,Dokumentert,Utmark,1-5034,7028513,334794,7028513,334794,7033031,1294471,WGS84-UTM Sone 33,God,Meråker (N),1-50,Trøndelag (N),63.3470445757397,11.698109054550445
K497197,16.06.2018,Sau,Spel,,10.06.2018,13.06.2018,Ja,Hunn,Åring,1,Skadd og avlivet,Bjørn,Dokumentert,Utmark,1-5034,7027974,337461,7027974,337461,7032458,1297132,WGS84-UTM Sone 33,God,Meråker (N),1-50,Trøndelag (N),63.34343714301202,11.751854868498288
K498025,10.07.2018,Sau,Spel,,09.07.2018,09.07.2018,Nei,Hunn,Åring,1,Dødt,Bjørn,Dokumentert,Utmark,1-5034,7025448,331266,7025448,331266,7030009,1290902,WGS84-UTM Sone 33,God,Meråker (N),1-50,Trøndelag (N),63.317936963929434,11.630957320225148
K498026,10.07.2018,Sau,Spel,,09.07.2018,09.07.2018,Nei,Hunn,Under 1 år,1,Dødt,Bjørn,Dokumentert,Utmark,1-5034,7025441,331268,7025441,331268,7030002,1290904,WGS84-UTM Sone 33,God,Meråker (N),1-50,Trøndelag (N),63.317875190893034,11.631004507022237
K498027,10.07.2018,Sau,Spel,,09.07.2018,10.07.2018,Ja,Hunn,Voksen,1,Dødt,Bjørn,Dokumentert,Utmark,1-5034,7025752,338430,7025752,338430,7030223,1298074,WGS84-UTM Sone 33,God,Meråker (N),1-50,Trøndelag (N),63.323965721598455,11.773414946940777
K498028,10.07.2018,Sau,Spel,,09.07.2018,10.07.2018,Ja,Hunn,Under 1 år,1,Dødt,Bjørn,Dokumentert,Utmark,1-5034,7025802,338431,7025802,338431,7030273,1298076,WGS84-UTM Sone 33,God,Meråker (N),1-50,Trøndelag (N),63.32441420501395,11.77338467559729
K498043,10.07.2018,Sau,Spel,,10.07.2018,10.07.2018,Nei,Hunn,Voksen,1,Skadd og avlivet,Bjørn,Dokumentert,Utmark,1-5034,7026934,338284,7026934,338284,7031407,1297943,WGS84-UTM Sone 33,God,Meråker (N),1-50,Trøndelag (N),63.33449122374353,11.7693164902013
K498169,12.07.2018,Sau,Spel,,05.07.2018,09.07.2018,Ja,Hunn,Voksen,1,Dødt,Bjørn,Dokumentert,Utmark,1-5034,7026464,339295,7026464,339295,7030924,1298948,WGS84-UTM Sone 33,God,Meråker (N),1-50,Trøndelag (N),63.33073520320066,11.78994533439288
K498198,17.07.2018,Sau,Spel,,14.07.2018,16.07.2018,Ja,Hunn,Voksen,1,Skadd og avlivet,Bjørn,Dokumentert,Utmark,1-5034,7027911,337935,7027911,337935,7032389,1297606,WGS84-UTM Sone 33,God,Meråker (N),1-50,Trøndelag (N),63.34308773654478,11.761372561948937
K498206,10.07.2018,Sau,Spel,,01.07.2018,05.07.2018,Ja,Hunn,Voksen,1,Dødt,Bjørn,Antatt sikker,Utmark,1-5034,7026543,636390,7027831,336115,7032332,1295784,WGS84-UTM Sone 32,God,Meråker (N),1-50,Trøndelag (N),63.34154159632332,11.725154994870177
K498207,12.07.2018,Sau,Spel,,20.06.2018,05.07.2018,Ja,Hunn,Voksen,1,Dødt,Bjørn,Usikker,Utmark,1-5034,7024442,632372,7026114,331918,7030667,1291563,WGS84-UTM Sone 32,God,Meråker (N),1-50,Trøndelag (N),63.32421064719793,11.643253223381755
K498208,12.07.2018,Sau,Spel,,01.07.2018,05.07.2018,Ja,Hunn,Voksen,1,Dødt,Bjørn,Usikker,Utmark,1-5034,7026182,636880,7027426,336569,7031920,1296233,WGS84-UTM Sone 32,God,Meråker (N),1-50,Trøndelag (N),63.33812041796568,11.73462123427324
K498209,13.07.2018,Sau,Spel,,09.07.2018,10.07.2018,Ja,Hunn,Åring,1,Dødt,Bjørn,Antatt sikker,Utmark,1-5034,7019586,633638,7021161,332724,7025701,1292308,WGS84-UTM Sone 32,God,Meråker (N),1-50,Trøndelag (N),63.28021098173527,11.664456883128688
K498236,19.07.2018,Sau,Spel,,18.07.2018,18.07.2018,Nei,Hunn,Voksen,1,Dødt,Bjørn,Antatt sikker,Utmark,1-5034,7029972,637759,7031117,337799,7035598,1297510,WGS84-UTM Sone 32,God,Meråker (N),1-50,Trøndelag (N),63.371753299489654,11.7554199745385
K497652,28.06.2018,Sau,Spel,,24.06.2018,25.06.2018,Ja,Hunn,Voksen,1,Dødt,Bjørn,Dokumentert,Utmark,1-5034,7028754,340813,7028754,340813,7033196,1300496,WGS84-UTM Sone 33,God,Meråker (N),1-50,Trøndelag (N),63.35193445569316,11.817942341363908
K497653,28.06.2018,Sau,Spel,,24.06.2018,25.06.2018,Ja,Hunn,Voksen,1,Dødt,Bjørn,Dokumentert,Utmark,1-5034,7028139,342355,7028139,342355,7032561,1302031,WGS84-UTM Sone 33,God,Meråker (N),1-50,Trøndelag (N),63.347106561250385,11.849313598524365
K497723,30.06.2018,Sau,Spel,,01.06.2018,12.06.2018,Ja,Hunn,Under 1 år,1,Skadd og avlivet,Ukjent fredet rovvilt,Antatt sikker,Utmark,1-5034,7026042,638289,7027154,337959,7031632,1297620,WGS84-UTM Sone 32,God,Meråker (N),1-50,Trøndelag (N),63.33631549563809,11.762614474884417
K497730,01.07.2018,Sau,Spel,,30.06.2018,01.07.2018,Ja,Hunn,Åring,1,Skadd og avlivet,Bjørn,Dokumentert,Utmark,1-5034,7029671,339200,7029671,339200,7034134,1298894,WGS84-UTM Sone 33,God,Meråker (N),1-50,Trøndelag (N),63.359429584525515,11.78484132640471
K497796,02.07.2018,Sau,Spel,,16.06.2018,24.06.2018,Ja,Hunn,Under 1 år,1,Dødt,Bjørn,Usikker,Utmark,1-5034,7022951,638103,7024094,337485,7028576,1297107,WGS84-UTM Sone 32,God,Meråker (N),1-50,Trøndelag (N),63.30868142868799,11.756252730238348
K497798,02.07.2018,Sau,Spel,,30.06.2018,01.07.2018,Nei,Hunn,Voksen,1,Skadd og avlivet,Bjørn,Dokumentert,Utmark,1-5034,7025179,338593,7025179,338593,7029647,1298230,WGS84-UTM Sone 33,God,Meråker (N),1-50,Trøndelag (N),63.31890479263372,11.777238546069716
K497799,02.07.2018,Sau,Spel,,30.06.2018,01.07.2018,Nei,Hann,Under 1 år,1,Dødt,Bjørn,Dokumentert,Utmark,1-5034,7025012,338348,7025012,338348,7029483,1297983,WGS84-UTM Sone 33,God,Meråker (N),1-50,Trøndelag (N),63.31729782976109,11.772523692328145
K497814,03.07.2018,Sau,Spel,,01.07.2018,02.07.2018,Ja,Hunn,Voksen,1,Skadd og avlivet,Bjørn,Dokumentert,Utmark,1-5034,7028099,335980,7028099,335980,7032602,1295652,WGS84-UTM Sone 33,God,Meråker (N),1-50,Trøndelag (N),63.34388103851946,11.722189069072542
K497815,03.07.2018,Sau,Spel,,03.07.2018,03.07.2018,Nei,Hunn,Åring,1,Skadd og avlivet,Bjørn,Dokumentert,Utmark,1-5034,7031742,338319,7031742,338319,7036217,1298038,WGS84-UTM Sone 33,God,Meråker (N),1-50,Trøndelag (N),63.37758936178574,11.76517139665287
K497827,03.07.2018,Sau,Spel,,01.07.2018,02.07.2018,Nei,Hunn,Under 1 år,1,Dødt,Bjørn,Dokumentert,Utmark,1-5034,7031983,338053,7031983,338053,7036462,1297775,WGS84-UTM Sone 33,God,Meråker (N),1-50,Trøndelag (N),63.37962830253121,11.759616024039845
K511433,19.07.2020,Sau,Spel,,17.07.2020,18.07.2020,Ja,Hunn,Under 1 år,1,Dødt,Jerv,Dokumentert,Utmark,1-5034,7018071,335499,7018071,335499,7022575,1295045,WGS84-UTM Sone 33,God,Meråker (N),1-50,Trøndelag (N),63.25380746033673,11.722826737389443
K511439,24.07.2020,Sau,Spel,,23.07.2020,24.07.2020,Nei,Hunn,Under 1 år,1,Dødt,Bjørn,Dokumentert,Utmark,1-5034,7031339,337246,7031339,337246,7035827,1296960,WGS84-UTM Sone 33,God,Meråker (N),1-50,Trøndelag (N),63.37349095693075,11.74415405409807
K511440,25.07.2020,Sau,Spel,,24.07.2020,25.07.2020,Nei,Hunn,Voksen,1,Dødt,Bjørn,Dokumentert,Utmark,1-5034,7031244,338141,7031244,338141,7035721,1297854,WGS84-UTM Sone 33,God,Meråker (N),1-50,Trøndelag (N),63.37304641346676,11.762119814278634
K511441,25.07.2020,Sau,Spel,,24.07.2020,25.07.2020,Nei,Hunn,Voksen,1,Dødt,Bjørn,Dokumentert,Utmark,1-5034,7031246,338407,7031246,338407,7035720,1298120,WGS84-UTM Sone 33,God,Meråker (N),1-50,Trøndelag (N),63.37318477386805,11.767428785182178
K511497,25.07.2020,Sau,Spel,,25.07.2020,25.07.2020,Nei,Hunn,Åring,1,Skadd og avlivet,Bjørn,Dokumentert,Utmark,1-5034,7029420,639420,7030212,339298,7034674,1298998,ED50-UTM Sone 32,God,Meråker (N),1-50,Trøndelag (N),63.36432140668024,11.786255233266113
K511566,28.07.2020,Sau,Spel,,25.07.2020,25.07.2020,Nei,Hunn,Åring,1,Skadd og avlivet,Bjørn,Dokumentert,Utmark,1-5034,7030735,339886,7030735,339886,7035190,1299593,WGS84-UTM Sone 33,God,Meråker (N),1-50,Trøndelag (N),63.36927187173086,11.797469949878376
K512090,17.08.2020,Sau,Spel,,11.08.2020,13.08.2020,Ja,Ukjent,Under 1 år,1,Dødt,Ukjent fredet rovvilt,Antatt sikker,Utmark,1-5034,7027242,340840,7027242,340840,7031683,1300504,WGS84-UTM Sone 33,God,Meråker (N),1-50,Trøndelag (N),63.338397421568146,11.819979043688939
K504501,04.08.2019,Sau,Annet,Svartfjes,20.07.2019,28.07.2019,Ja,Hunn,Under 1 år,1,Skadd og ikke avlivet,Ulv,Antatt sikker,Utmark,1-5034,7048674,644031,7049151,345793,7053541,1305736,WGS84-UTM Sone 32,God,Meråker (N),1-50,Trøndelag (N),63.536907982747444,11.89758009287481
K504146,24.07.2019,Sau,Spel,,21.07.2019,23.07.2019,Ja,Ukjent,Under 1 år,1,Dødt,Ulv,Antatt sikker,Utmark,1-5034,7056090,643722,7056564,346180,7060952,1306216,WGS84-UTM Sone 32,God,Meråker (N),1-50,Trøndelag (N),63.60350719832633,11.89812776610155
K504147,24.07.2019,Sau,Spel,,21.07.2019,23.07.2019,Ja,Ukjent,Under 1 år,1,Dødt,Ulv,Antatt sikker,Utmark,1-5034,7056086,643752,7056557,346210,7060945,1306246,WGS84-UTM Sone 32,God,Meråker (N),1-50,Trøndelag (N),63.60345751723286,11.898738507911327
K504367,20.07.2019,Sau,,,01.07.2019,14.07.2019,Ja,Ukjent,Under 1 år,1,Dødt,Ulv,Antatt sikker,Utmark,1-5034,7057949,640355,7058730,343002,7063160,1303064,WGS84-UTM Sone 32,God,Meråker (N),1-50,Trøndelag (N),63.62151965034645,11.83199623375223
K472757,01.10.2016,Sau,Norsk kvit sau,,01.10.2016,01.10.2016,Nei,Hunn,Under 1 år,1,Dødt,Ulv,Antatt sikker,Innmark,1-5034,7026620,351961,7026620,351961,7030921,1311623,WGS84-UTM Sone 33,God,Meråker (N),1-50,Trøndelag (N),63.33759824600711,12.04238152682626
K472758,01.10.2016,Sau,Spel,,01.10.2016,01.10.2016,Nei,Hunn,Under 1 år,1,Skadd og avlivet,Ulv,Antatt sikker,Innmark,1-5034,7026628,352031,7026628,352031,7030928,1311693,WGS84-UTM Sone 33,God,Meråker (N),1-50,Trøndelag (N),63.33769891104558,12.04377043522406
K472759,01.10.2016,Sau,Norsk kvit sau,,01.10.2016,01.10.2016,Nei,Hunn,Under 1 år,1,Skadd og avlivet,Ulv,Antatt sikker,Innmark,1-5034,7026633,351982,7026633,351982,7030933,1311644,WGS84-UTM Sone 33,God,Meråker (N),1-50,Trøndelag (N),63.33772345367649,12.042788437167866
K472760,01.10.2016,Sau,Spel,,01.10.2016,01.10.2016,Nei,Hunn,Under 1 år,1,Skadd og avlivet,Ulv,Antatt sikker,Innmark,1-5034,7026660,351980,7026660,351980,7030961,1311642,WGS84-UTM Sone 33,God,Meråker (N),1-50,Trøndelag (N),63.337964624398005,12.042723679619048
K472761,01.10.2016,Sau,Spel,,01.10.2016,01.10.2016,Nei,Hann,Under 1 år,1,Skadd og avlivet,Ulv,Antatt sikker,Innmark,1-5034,7026677,351996,7026677,351996,7030977,1311658,WGS84-UTM Sone 33,God,Meråker (N),1-50,Trøndelag (N),63.338123614020866,12.043027177970218
K472762,01.10.2016,Sau,Spel,,01.10.2016,01.10.2016,Nei,Hunn,Under 1 år,1,Skadd og avlivet,Ulv,Antatt sikker,Innmark,1-5034,7026578,351984,7026578,351984,7030878,1311645,WGS84-UTM Sone 33,God,Meråker (N),1-50,Trøndelag (N),63.33723132167796,12.042878976685149
K472763,01.10.2016,Sau,Spel,,01.10.2016,01.10.2016,Nei,Hunn,Under 1 år,1,Skadd og avlivet,Ulv,Antatt sikker,Innmark,1-5034,7026577,351983,7026577,351983,7030877,1311644,WGS84-UTM Sone 33,God,Meråker (N),1-50,Trøndelag (N),63.337221945008906,12.042859951020343
K472864,03.10.2016,Sau,Norsk kvit sau,,01.10.2016,01.10.2016,Nei,Hunn,Under 1 år,1,Skadd og avlivet,Ulv,Antatt sikker,Innmark,1-5034,7026640,352045,7026640,352045,7030940,1311707,WGS84-UTM Sone 33,God,Meråker (N),1-50,Trøndelag (N),63.337812256702435,12.044038645167365
K469951,09.07.2016,Sau,,,03.07.2016,06.07.2016,Ja,Hann,Under 1 år,1,Dødt,Bjørn,Dokumentert,Utmark,1-5034,7024011,351208,7024011,351208,7028320,1310836,WGS84-UTM Sone 33,Særs god,Meråker (N),1-50,Trøndelag (N),63.313901890539356,12.029774625099027
K469952,09.07.2016,Sau,Norsk kvit sau,,03.07.2016,06.07.2016,Ja,Hunn,Voksen,1,Dødt,Bjørn,Dokumentert,Utmark,1-5034,7023849,351144,7023849,351144,7028159,1310770,WGS84-UTM Sone 33,Særs god,Meråker (N),1-50,Trøndelag (N),63.31242331569366,12.02864883555778
K469953,09.07.2016,Sau,Norsk kvit sau,,03.07.2016,06.07.2016,Ja,Hunn,Voksen,1,Dødt,Bjørn,Dokumentert,Utmark,1-5034,7024000,351200,7024000,351200,7028309,1310828,WGS84-UTM Sone 33,Særs god,Meråker (N),1-50,Trøndelag (N),63.31379997527249,12.029625348230923
K470047,13.07.2016,Sau,Spel,,03.07.2016,08.07.2016,Ja,Hunn,Åring,1,Dødt,Bjørn,Antatt sikker,Utmark,1-5034,7022124,649989,7022160,349242,7026493,1308846,WGS84-UTM Sone 32,God,Meråker (N),1-50,Trøndelag (N),63.296489977766555,11.992324876002062
K470638,22.07.2016,Sau,Spel,,17.07.2016,19.07.2016,Ja,Hunn,Voksen,1,Dødt,Bjørn,Dokumentert,Utmark,1-5034,7027062,645437,7027502,345171,7031889,1304841,WGS84-UTM Sone 32,God,Meråker (N),1-50,Trøndelag (N),63.34262833674612,11.906108693872365
K504284,30.07.2019,Sau,Norsk kvit sau,,25.07.2019,26.07.2019,Nei,Hunn,Åring,1,Dødt,Ulv,Dokumentert,Utmark,1-5034,7054699,642768,7055268,345100,7059670,1305119,WGS84-UTM Sone 32,God,Meråker (N),1-50,Trøndelag (N),63.59142205337305,11.877662285517141
K471210,12.08.2016,Sau,Norsk kvit sau,,11.08.2016,12.08.2016,Ja,Hunn,Voksen,1,Dødt,Bjørn,Dokumentert,Utmark,1-5034,7026366,641257,7027200,340944,7031639,1300608,WGS84-UTM Sone 32,Særs god,Meråker (N),1-50,Trøndelag (N),63.33806731501545,11.822094694390165
K470920,05.08.2016,Sau,Norsk kvit sau,,03.08.2016,04.08.2016,Ja,Hunn,Voksen,1,Dødt,Bjørn,Dokumentert,Utmark,1-5034,7016875,639439,7017919,338247,7022388,1297793,WGS84-UTM Sone 32,Særs god,Meråker (N),1-50,Trøndelag (N),63.253694002413006,11.777619477851125
K479577,24.08.2017,Sau,Norsk kvit sau,,18.08.2017,19.08.2017,Ja,Hunn,Voksen,1,Dødt,Bjørn,Dokumentert,Utmark,1-5034,7023904,638442,7025011,337911,7029488,1297546,WGS84-UTM Sone 32,Meget god,Meråker (N),1-50,Trøndelag (N),63.317091307147216,11.763816398608782
K478587,27.07.2017,Sau,Norsk kvit sau,,25.07.2017,26.07.2017,Ja,Hunn,Åring,1,Dødt,Bjørn,Dokumentert,Utmark,1-5034,7022622,640609,7023532,339949,7027983,1299566,WGS84-UTM Sone 32,Meget god,Meråker (N),1-50,Trøndelag (N),63.30475489628037,11.805899299828306
K498532,31.07.2018,Sau,Norsk kvit sau,,31.07.2018,31.07.2018,Nei,Hunn,Voksen,1,Dødt,Bjørn,Dokumentert,Utmark,1-5034,7021885,330395,7021885,330395,7026455,1289986,WGS84-UTM Sone 33,God,Meråker (N),1-50,Trøndelag (N),63.285603657904986,11.617351464835071
K497830,03.07.2018,Sau,Annet,Villsau,18.06.2018,01.07.2018,Ja,Hunn,Voksen,1,Dødt,Bjørn,Antatt sikker,Utmark,1-5034,7012133,334588,7012133,334588,7016645,1294059,WGS84-UTM Sone 33,God,Meråker (N),1-50,Trøndelag (N),63.20018336999007,11.71077146551024
K497858,03.07.2018,Sau,Norsk kvit sau,,18.06.2018,01.07.2018,Ja,Hunn,Voksen,1,Skadd og avlivet,Bjørn,Antatt sikker,Utmark,1-5034,7011991,334348,7011991,334348,7016506,1293817,WGS84-UTM Sone 33,God,Meråker (N),1-50,Trøndelag (N),63.19880062794797,11.706153251853943
K497895,04.07.2018,Sau,Annet,Villsau,23.06.2018,02.07.2018,Ja,Hunn,Voksen,1,Skadd og avlivet,Bjørn,Antatt sikker,Utmark,1-5034,7010144,636801,7011463,334992,7015970,1294454,WGS84-UTM Sone 32,God,Meråker (N),1-50,Trøndelag (N),63.194365425764246,11.71946951679032
K497395,21.06.2018,Sau,Norsk kvit sau,,19.06.2018,19.06.2018,Nei,Hunn,Voksen,1,Dødt,Bjørn,Dokumentert,Utmark,1-5034,7039750,333482,7039750,333482,7044290,1293300,WGS84-UTM Sone 33,God,Meråker (N),1-50,Trøndelag (N),63.44711491697172,11.660245105151109
K497507,22.06.2018,Sau,Norsk kvit sau,,19.06.2018,21.06.2018,Ja,Hunn,Voksen,1,Dødt,Bjørn,Dokumentert,Utmark,1-5034,7040436,335092,7040436,335092,7044956,1294919,WGS84-UTM Sone 33,God,Meråker (N),1-50,Trøndelag (N),63.45401066308691,11.691761038027632
K470654,30.07.2016,Sau,Norsk kvit sau,,20.07.2016,24.07.2016,Ja,Hunn,Voksen,1,Dødt,Bjørn,Antatt sikker,Utmark,1-5034,7029519,633808,7031035,333822,7035567,1293530,WGS84-UTM Sone 32,Meget god,Meråker (N),1-50,Trøndelag (N),63.36919066146229,11.67610983804076
K469817,07.07.2016,Sau,Spel,,04.07.2016,06.07.2016,Ja,Hunn,Under 1 år,1,Skadd og avlivet,Bjørn,Dokumentert,Utmark,1-5034,7025425,644250,7025983,343836,7030386,1303486,WGS84-UTM Sone 32,Mindre god,Meråker (N),1-50,Trøndelag (N),63.32843532554719,11.880954565816875
K469784,06.07.2016,Sau,Spel,,05.07.2016,06.07.2016,Ja,Hunn,Voksen,1,Dødt,Bjørn,Dokumentert,Utmark,1-5034,7025251,644503,7025786,344072,7030186,1303719,WGS84-UTM Sone 32,Særs god,Meråker (N),1-50,Trøndelag (N),63.32677279374311,11.885850763529243
K469785,06.07.2016,Sau,Spel,,05.07.2016,06.07.2016,Ja,Hunn,Voksen,1,Skadd og ikke avlivet,Bjørn,Antatt sikker,Utmark,1-5034,7024186,642906,7024875,342382,7029295,1302017,WGS84-UTM Sone 32,God,Meråker (N),1-50,Trøndelag (N),63.317868747152225,11.853051498400784
K469786,06.07.2016,Sau,Spel,,05.07.2016,06.07.2016,Ja,Hunn,Åring,1,Skadd og ikke avlivet,Bjørn,Dokumentert,Utmark,1-5034,7025363,644150,7025931,343731,7030335,1303380,WGS84-UTM Sone 32,God,Meråker (N),1-50,Trøndelag (N),63.3279234908966,11.87891165712478
K477491,23.06.2017,Sau,Spel,,23.06.2017,23.06.2017,Nei,Hunn,Voksen,1,Dødt,Bjørn,Dokumentert,Utmark,1-5034,7024292,643084,7024964,342570,7029382,1302206,WGS84-UTM Sone 32,Særs god,Meråker (N),1-50,Trøndelag (N),63.318749023068136,11.856711235220496
K498649,06.08.2018,Sau,Spel,,06.08.2018,06.08.2018,Nei,Hunn,Voksen,1,Skadd og avlivet,Bjørn,Dokumentert,Utmark,1-5034,7025801,342256,7025801,342256,7030224,1301902,WGS84-UTM Sone 33,God,Meråker (N),1-50,Trøndelag (N),63.32611143100163,11.849632768143548
K480436,22.09.2017,Sau,Norsk kvit sau,,21.09.2017,21.09.2017,Nei,Hunn,Voksen,1,Dødt,Bjørn,Dokumentert,Utmark,1-5034,7037203,639358,7038167,340067,7042624,1299868,WGS84-UTM Sone 32,Meget god,Meråker (N),1-50,Trøndelag (N),63.43594925801339,11.793651224549942
K516278,19.06.2021,Sau,Spel,,16.06.2021,18.06.2021,Nei,Ukjent,Under 1 år,1,Dødt,Ukjent fredet rovvilt,Dokumentert,Utmark,1-5034,7052248,346298,7052248,346298,7056633,1306280,WGS84-UTM Sone 33,God,Meråker (N),1-50,Trøndelag (N),63.56488097964686,11.904710789550855
K504439,02.08.2019,Sau,Spel,,30.07.2019,01.08.2019,Ja,Ukjent,Under 1 år,1,Dødt,Ulv,Dokumentert,Utmark,1-5034,7053711,647130,7053876,349350,7058223,1309354,WGS84-UTM Sone 32,God,Meråker (N),1-50,Trøndelag (N),63.580782303790926,11.964513879789303
K465647,09.09.2015,Sau,Spel,,09.09.2015,09.09.2015,Ja,Ukjent,Under 1 år,1,Dødt,Jerv,Dokumentert,Utmark,1-5034,7053777,643936,7054241,346177,7058628,1306183,WGS84-UTM Sone 32,God,Meråker (N),1-50,Trøndelag (N),63.582688586392806,11.900335436359462
K465650,09.09.2015,Sau,Spel,,09.09.2015,09.09.2015,Ja,Ukjent,Under 1 år,1,Dødt,Jerv,Dokumentert,Utmark,1-5034,7053806,643835,7054279,346079,7058668,1306086,WGS84-UTM Sone 32,God,Meråker (N),1-50,Trøndelag (N),63.582986514463755,11.898327032320344
K465671,12.09.2015,Sau,Spel,,12.09.2015,12.09.2015,Ja,Ukjent,Under 1 år,1,Dødt,Jerv,Dokumentert,Utmark,1-5034,7054653,645917,7054928,348231,7059289,1308248,WGS84-UTM Sone 32,God,Meråker (N),1-50,Trøndelag (N),63.58973205045862,11.940992522335735
K465907,11.09.2015,Sau,Spel,,11.09.2015,11.09.2015,Ja,Ukjent,Under 1 år,1,Dødt,Jerv,Dokumentert,Utmark,1-5034,7053547,645769,7053840,347980,7058205,1307983,WGS84-UTM Sone 32,God,Meråker (N),1-50,Trøndelag (N),63.579873954216474,11.93699126007071
K505878,24.09.2019,Sau,Norsk kvit sau,,23.09.2019,24.09.2019,Ja,Hunn,Åring,1,Dødt,Jerv,Dokumentert,Utmark,1-5034,7048987,336211,7048987,336211,7053497,1296147,WGS84-UTM Sone 33,God,Meråker (N),1-50,Trøndelag (N),63.531143123170665,11.705345422697858
K505369,08.09.2019,Sau,Norsk kvit sau,,30.08.2019,03.09.2019,Ja,Hunn,Under 1 år,1,Skadd og avlivet,Ulv,Antatt sikker,Utmark,1-5034,7048580,641159,7049327,342925,7053753,1302868,WGS84-UTM Sone 32,God,Meråker (N),1-50,Trøndelag (N),63.53722648286961,11.839809835301276
K505506,10.09.2019,Sau,Norsk kvit sau,,01.09.2019,07.09.2019,Ja,Hann,Under 1 år,1,Skadd og avlivet,Ulv,Antatt sikker,Utmark,1-5034,7049517,343276,7049517,343276,7053939,1303222,WGS84-UTM Sone 33,God,Meråker (N),1-50,Trøndelag (N),63.53908436380398,11.84667055821729
K505507,08.09.2019,Sau,Norsk kvit sau,,01.09.2019,05.09.2019,Ja,Hunn,Under 1 år,1,Skadd og avlivet,Ulv,Dokumentert,Utmark,1-5034,7048715,642638,7049323,344410,7053730,1304354,WGS84-UTM Sone 32,God,Meråker (N),1-50,Trøndelag (N),63.53784526394775,11.86963667215408
K505508,08.09.2019,Sau,Norsk kvit sau,,01.09.2019,05.09.2019,Ja,Hunn,Under 1 år,1,Skadd og avlivet,Ulv,Antatt sikker,Utmark,1-5034,7048471,642677,7049076,344426,7053483,1304367,WGS84-UTM Sone 32,God,Meråker (N),1-50,Trøndelag (N),63.53563886401863,11.870200826186677
K505509,08.09.2019,Sau,Norsk kvit sau,,01.09.2019,05.09.2019,Ja,Hunn,Voksen,1,Skadd og ikke avlivet,Ulv,Antatt sikker,Utmark,1-5034,7048228,641010,7048990,342744,7053418,1302683,WGS84-UTM Sone 32,God,Meråker (N),1-50,Trøndelag (N),63.534126438601426,11.836509811054492
K505511,08.09.2019,Sau,Norsk kvit sau,,01.09.2019,05.09.2019,Ja,Hunn,Voksen,1,Skadd og ikke avlivet,Ulv,Antatt sikker,Utmark,1-5034,7049897,342688,7049897,342688,7054326,1302638,WGS84-UTM Sone 33,God,Meråker (N),1-50,Trøndelag (N),63.54222914940741,11.834483616462489
K505189,31.08.2019,Sau,Norsk kvit sau,,29.08.2019,30.08.2019,Nei,Hann,Under 1 år,1,Skadd og avlivet,Ulv,Dokumentert,Utmark,1-5034,7049110,640774,7049890,342591,7054321,1302541,WGS84-UTM Sone 32,God,Meråker (N),1-50,Trøndelag (N),63.542123373362834,11.832542276380156
K512067,14.08.2020,Sau,Norsk kvit sau,,10.08.2020,13.08.2020,Ja,Hann,Under 1 år,1,Dødt,Jerv,Dokumentert,Utmark,1-5034,7046346,338863,7046346,338863,7050822,1298767,WGS84-UTM Sone 33,God,Meråker (N),1-50,Trøndelag (N),63.508693627783074,11.7612733955799
K471022,09.08.2016,Sau,Norsk kvit sau,,25.07.2016,02.08.2016,Ja,Hunn,Under 1 år,1,Skadd og avlivet,Ukjent fredet rovvilt,Antatt sikker,Utmark,1-5034,7045451,641549,7046175,343020,7050598,1302924,WGS84-UTM Sone 32,God,Meråker (N),1-50,Trøndelag (N),63.50902347812436,11.844840983416988
K504089,21.07.2019,Sau,Norsk kvit sau,,21.07.2019,21.07.2019,Nei,Hunn,Under 1 år,1,Dødt,Ulv,Dokumentert,Utmark,1-5034,7048536,646451,7048787,348190,7053147,1308129,WGS84-UTM Sone 32,Meget god,Meråker (N),1-50,Trøndelag (N),63.53468006269158,11.946070494793933
K470918,06.08.2016,Sau,Norsk kvit sau,,02.08.2016,04.08.2016,Ja,Ukjent,Under 1 år,1,Dødt,Jerv,Dokumentert,Utmark,1-5034,7051230,353013,7051230,353013,7055530,1312985,WGS84-UTM Sone 33,Særs god,Meråker (N),1-50,Trøndelag (N),63.55860743121709,12.04066495509756
K465910,22.09.2015,Sau,Norsk kvit sau,,17.09.2015,17.09.2015,Ja,Hunn,Under 1 år,1,Dødt,Jerv,Dokumentert,Utmark,1-5034,7050091,648293,7050163,350169,7054498,1310127,WGS84-UTM Sone 32,God,Meråker (N),1-50,Trøndelag (N),63.54785356809839,11.984511721609737
K465911,22.09.2015,Sau,Norsk kvit sau,,22.09.2015,22.09.2015,Ja,Ukjent,Under 1 år,1,Dødt,Jerv,Antatt sikker,Utmark,1-5034,7049995,648230,7050073,350098,7054409,1310054,WGS84-UTM Sone 32,God,Meråker (N),1-50,Trøndelag (N),63.54701695673813,11.98317048341
K465654,11.09.2015,Sau,Norsk kvit sau,,11.09.2015,11.09.2015,Ja,Hunn,Under 1 år,1,Dødt,Jerv,Dokumentert,Utmark,1-5034,7052302,352526,7052302,352526,7056608,1312512,WGS84-UTM Sone 33,God,Meråker (N),1-50,Trøndelag (N),63.568012875199535,12.02987471575232
K465655,10.09.2015,Sau,Spel,,10.09.2015,10.09.2015,Ja,Hunn,Under 1 år,1,Dødt,Jerv,Dokumentert,Utmark,1-5034,7052441,353051,7052441,353051,7056741,1313039,WGS84-UTM Sone 33,God,Meråker (N),1-50,Trøndelag (N),63.569476901229244,12.040301837850562
K465670,10.09.2015,Sau,Norsk kvit sau,,10.09.2015,10.09.2015,Ja,Ukjent,Under 1 år,1,Dødt,Jerv,Dokumentert,Utmark,1-5034,7052491,353095,7052491,353095,7056790,1313083,WGS84-UTM Sone 33,God,Meråker (N),1-50,Trøndelag (N),63.56994328612186,12.04114008502482
K470063,12.07.2016,Sau,,,09.07.2016,11.07.2016,Ja,Hunn,Under 1 år,1,Dødt,Bjørn,Dokumentert,Utmark,1-5034,7051385,353744,7051385,353744,7055675,1313719,WGS84-UTM Sone 33,Meget god,Meråker (N),1-50,Trøndelag (N),63.56029916605701,12.055215492540938
K505233,02.09.2019,Sau,Norsk kvit sau,,02.09.2019,02.09.2019,Nei,Hann,Under 1 år,1,Dødt,Ulv,Antatt sikker,Utmark,1-5034,7049600,646000,7049889,347840,7054253,1307793,WGS84-UTM Sone 32,God,Meråker (N),1-50,Trøndelag (N),63.54440597205986,11.93798184787202
